shape;final_repr;model;best_params;mean_score;fold_scores;trial_values
None;None;pls;"{""n_components"": 7}";0.03656688758858144;[0.034425159389489715, 0.03316985721549054, 0.042105646160764065];[0.03966348183607469, 0.049531565683658685, 0.0456960079793384, 0.04230536537921462, 0.037374048616526816, 0.037374048616526816, 0.038683248936303656, 0.0479266847447208, 0.042087023711023325, 0.0456960079793384, 0.03746519870675199, 0.039141834385218725, 0.03656688758858144, 0.036626685479270414, 0.03839251456253067, 0.03656688758858144, 0.04078046383365281, 0.03656688758858144, 0.04130446501130752, 0.03782585570954373, 0.036626685479270414, 0.036626685479270414, 0.03695359113509616, 0.03966348183607469, 0.03808596653926974, 0.03656688758858144, 0.03746519870675199, 0.039141834385218725, 0.04078046383365281, 0.03966348183607469]
None;AreaNormalization;pls;"{""n_components"": 6}";0.036590743782730334;[0.03440865075395276, 0.03325263234986431, 0.042110948244373926];[0.040064080471005, 0.049620002509086124, 0.04564645644758078, 0.0421177659353201, 0.03693467844556448, 0.03693467844556448, 0.038024155127338484, 0.04805670803065429, 0.042340537837689006, 0.04564645644758078, 0.038317346047758244, 0.0388834940829666, 0.036606313933716834, 0.03698315992717424, 0.04074895480943732, 0.036590743782730334, 0.036590743782730334, 0.04112463619311069, 0.037188601000365994, 0.03754066182411902, 0.04223541383020671, 0.036606313933716834, 0.03948433869325282, 0.036606313933716834, 0.037703697485772236, 0.036606313933716834, 0.04170490650198019, 0.03693467844556448, 0.0388834940829666, 0.040064080471005]
SG_21_2_1;None;pls;"{""n_components"": 5}";0.03727132971663966;[0.03397203428600537, 0.03495767304526258, 0.04288428181865105];[0.03854604147365386, 0.04998755134340144, 0.04520694315800584, 0.04267516144025894, 0.03727132971663966, 0.03727132971663966, 0.03756078342947163, 0.0475696552473659, 0.043155133354337565, 0.04520694315800584, 0.03840197972023612, 0.03770967904421945, 0.037606559574883854, 0.03727132971663966, 0.0389564079610756, 0.037606559574883854, 0.03730542680154508, 0.038200886864554286, 0.0402817649801434, 0.03730542680154508, 0.038200886864554286, 0.03727132971663966, 0.03770967904421945, 0.0374600296224213, 0.03850646113886707, 0.037357713789594994, 0.03806565200883897, 0.0389564079610756, 0.03727132971663966, 0.03854604147365386]
SG_21_2_1;Haar;pls;"{""n_components"": 2}";0.03730447639505864;[0.03609526061473612, 0.03202755104249345, 0.04379061752794636];[0.04178702517869418, 0.05259742822211375, 0.04954330150552178, 0.04544558177165233, 0.038182034521850906, 0.038182034521850906, 0.03730447639505864, 0.051456735433113326, 0.046269093778983326, 0.04954330150552178, 0.037474232997871976, 0.037474232997871976, 0.04134268720839449, 0.037474232997871976, 0.04034940035038532, 0.039095078786376934, 0.04230515319696259, 0.037474232997871976, 0.04034940035038532, 0.03866378016268402, 0.0405498854848263, 0.037474232997871976, 0.03805081212016388, 0.03805081212016388, 0.04324132396718502, 0.039428548582238106, 0.037474232997871976, 0.03866378016268402, 0.041143992143856424, 0.04178702517869418]
ASLSBaseline;None;pls;"{""n_components"": 6}";0.03734899471272248;[0.035631346120699035, 0.033395488214290114, 0.043020149803178295];[0.041170588291385056, 0.05020704826452737, 0.04576686874991945, 0.04331749098893974, 0.03741095488904212, 0.03741095488904212, 0.037829315840924305, 0.04839376117125955, 0.04400986720233497, 0.04576686874991945, 0.04037102762781886, 0.03901700359803764, 0.03819730572448187, 0.03741095488904212, 0.04118160639978546, 0.03819730572448187, 0.0378653358401185, 0.03894445645772618, 0.0416966228406212, 0.0378653358401185, 0.03894445645772618, 0.03741095488904212, 0.03901700359803764, 0.03734899471272248, 0.03819730572448187, 0.041170588291385056, 0.03800801187336587, 0.03734899471272248, 0.04037102762781886, 0.04118160639978546]
SG_15_2_1;None;pls;"{""n_components"": 4}";0.037399866399333494;[0.03522447334818557, 0.033755771142064794, 0.04321935470775012];[0.038886776558185975, 0.05069273470116457, 0.04777571556734551, 0.04309289740460656, 0.03761933285261833, 0.03761933285261833, 0.03766299729872725, 0.04900609625932568, 0.04414230613587453, 0.04777571556734551, 0.03882025573213025, 0.037698208344450014, 0.03793868845902546, 0.03761933285261833, 0.03894983337486999, 0.03793868845902546, 0.037399866399333494, 0.03882025573213025, 0.040869150175401096, 0.037732657838530616, 0.03836699497947605, 0.03761933285261833, 0.037399866399333494, 0.037732657838530616, 0.037698208344450014, 0.03894112251414216, 0.03761933285261833, 0.03894983337486999, 0.037399866399333494, 0.038873687494943]
ASLSBaseline;AreaNormalization;pls;"{""n_components"": 3}";0.03742999999022563;[0.0353497017628419, 0.033085075261252574, 0.04385522294658241];[0.04128386164606209, 0.05024334775676608, 0.04633810290814703, 0.043887483480809016, 0.037545433208996865, 0.037545433208996865, 0.0380079700426828, 0.04836770179452831, 0.04467856379491558, 0.04633810290814703, 0.04047632608814233, 0.037783456483528786, 0.03833771422536036, 0.037545433208996865, 0.04129323369734284, 0.03833771422536036, 0.0376994970422156, 0.03995205130953406, 0.04174392245638656, 0.0376994970422156, 0.03995205130953406, 0.037545433208996865, 0.037783456483528786, 0.03809932873187859, 0.040843005445978874, 0.03742999999022563, 0.03742999999022563, 0.03742999999022563, 0.03742999999022563, 0.04129323369734284]
SG_21_3_2;None;pls;"{""n_components"": 3}";0.037457560883326295;[0.03605840230447475, 0.03234296770578732, 0.04397131263971681];[0.039768750849302224, 0.0531309002964089, 0.046710356673036725, 0.04441781523148258, 0.03857273512125974, 0.03857273512125974, 0.037558261408978895, 0.050342508973107825, 0.0455544335914062, 0.046710356673036725, 0.03868247410682061, 0.03899281659001274, 0.03868247410682061, 0.038671451221096, 0.04013609822562684, 0.03857273512125974, 0.040033501883958864, 0.038333113473565876, 0.03868247410682061, 0.04270350822061786, 0.037457560883326295, 0.038333113473565876, 0.037457560883326295, 0.038818353568249364, 0.037457560883326295, 0.039768750849302224, 0.03859047518163333, 0.037457560883326295, 0.040033501883958864, 0.04013609822562684]
SG_11_2_1;None;pls;"{""n_components"": 1}";0.03761919094111107;[0.03659051608397401, 0.032691324378502216, 0.04357573236085697];[0.04005250592747786, 0.0530890115396748, 0.047805819515125324, 0.04429631007650465, 0.038420438945823365, 0.038420438945823365, 0.03804896700829097, 0.05082826856922807, 0.04489484886989093, 0.047805819515125324, 0.03761919094111107, 0.03761919094111107, 0.03973918688063186, 0.03761919094111107, 0.039797411906892094, 0.038575722260251445, 0.03761919094111107, 0.041479971867244725, 0.0384191933051214, 0.038575722260251445, 0.038347251102530906, 0.03761919094111107, 0.039163606809619146, 0.038116560379488865, 0.03761919094111107, 0.03908730018682164, 0.038116560379488865, 0.041297719659985604, 0.038347251102530906, 0.042688944126960886]
Gaussian_1_2;None;pls;"{""n_components"": 1}";0.03767874111647966;[0.03668469940709713, 0.03292953750165395, 0.04342198644068791];[0.04156486416729075, 0.05340512770195416, 0.046863020436570084, 0.04278609344685084, 0.03897156095514965, 0.03897156095514965, 0.037925026309346854, 0.05107842764944067, 0.04356579797133344, 0.046863020436570084, 0.03767874111647966, 0.03767874111647966, 0.04132296409995754, 0.03767874111647966, 0.041416484195301945, 0.038950439598928265, 0.03767874111647966, 0.04179471877619808, 0.039209607467097736, 0.038950439598928265, 0.03840082099256808, 0.03767874111647966, 0.04007771158985956, 0.0391975724487778, 0.03767874111647966, 0.0387286322017908, 0.0391975724487778, 0.04181819433428246, 0.03840082099256808, 0.042401889925773394]
SG_15_2_1;Haar;pls;"{""n_components"": 1}";0.03774561287238685;[0.036875816734271975, 0.03273382851158626, 0.0436271933713023];[0.0425946940126165, 0.05127885853451636, 0.0475591214792509, 0.04498233421742276, 0.03971395397214677, 0.03971395397214677, 0.03780520299973006, 0.04899568379851621, 0.0456082906160735, 0.0475591214792509, 0.03774561287238685, 0.03774561287238685, 0.0419365212277718, 0.03774561287238685, 0.042273985952450945, 0.03968805412347616, 0.03774561287238685, 0.043079441618140014, 0.03971368057276602, 0.03968805412347616, 0.03827523176103526, 0.03774561287238685, 0.040882950132352186, 0.03906551655328642, 0.03774561287238685, 0.04010838855487687, 0.03906551655328642, 0.042651789626746595, 0.03827523176103526, 0.043018363595277886]
SG_21_3_2;Haar;pls;"{""n_components"": 3}";0.03787889990753662;[0.03602047370193801, 0.032652864907306206, 0.04496336111336566];[0.04365448854682429, 0.0507954112931742, 0.04653576063167667, 0.044846402175544815, 0.039120846579190044, 0.039120846579190044, 0.03818263862088222, 0.04855522942755502, 0.045016840522696305, 0.04653576063167667, 0.0386795082737602, 0.0386795082737602, 0.0429459899588758, 0.0386795082737602, 0.040320781439864534, 0.0400893604988354, 0.043588527485929486, 0.0386795082737602, 0.040320781439864534, 0.03835229688769858, 0.04080690763514769, 0.03835229688769858, 0.03835229688769858, 0.03835229688769858, 0.04408761910201558, 0.03995008956439806, 0.03787889990753662, 0.03787889990753662, 0.042189909160916195, 0.043588527485929486]
SG_15_3_2;None;pls;"{""n_components"": 2}";0.037892163612489115;[0.03676078628193539, 0.032825011475002185, 0.044090693080529764];[0.04255479562876774, 0.05214660125343005, 0.04824565308942478, 0.044318254152922364, 0.03937581747631186, 0.03937581747631186, 0.037892163612489115, 0.0501745146961718, 0.04434897641578326, 0.04824565308942478, 0.04036852574054614, 0.04205363622108491, 0.04036852574054614, 0.03983819256231239, 0.042217647443743476, 0.03937581747631186, 0.042261228689668, 0.03947114789855091, 0.04224048966890274, 0.03889798221183036, 0.04036852574054614, 0.03947114789855091, 0.040683371241678305, 0.03889798221183036, 0.03889798221183036, 0.03983819256231239, 0.042837836140309477, 0.037892163612489115, 0.03967861732743792, 0.04255479562876774]
None;Haar;pls;"{""n_components"": 2}";0.03818932373682427;[0.03640367237198565, 0.0326383511466933, 0.04552594769179389];[0.044276824437307405, 0.052991777653711804, 0.050611809782453075, 0.04898197716657878, 0.041849268048373994, 0.041849268048373994, 0.03818932373682427, 0.05148954666047726, 0.049856038203905835, 0.050611809782453075, 0.0389291201782015, 0.0389291201782015, 0.04379915078829235, 0.0389291201782015, 0.04201969908892373, 0.04152786927397132, 0.045015472786811755, 0.0389291201782015, 0.04201969908892373, 0.03977139265915562, 0.04237497659502384, 0.0389291201782015, 0.03841656833789748, 0.03977139265915562, 0.03841656833789748, 0.0465331628706299, 0.04271737116442928, 0.04152786927397132, 0.03841656833789748, 0.045015472786811755]
ASLSBaseline;Haar;pls;"{""n_components"": 2}";0.0382151374667259;[0.03640083336706748, 0.03266970191483126, 0.04557487711827894];[0.04423142043831271, 0.05273203816224423, 0.05042263546878675, 0.048929394733452446, 0.04191734506911452, 0.04191734506911452, 0.0382151374667259, 0.05133011593021584, 0.049786865055998754, 0.05042263546878675, 0.03896954526708566, 0.03896954526708566, 0.0437163153124183, 0.03896954526708566, 0.04206975655192347, 0.04178874576420444, 0.04505295149582097, 0.03896954526708566, 0.04206975655192347, 0.03984895265420849, 0.04239438716888724, 0.03896954526708566, 0.0384000645783295, 0.03984895265420849, 0.0384000645783295, 0.047159399433914236, 0.04291830215799263, 0.04178874576420444, 0.0384000645783295, 0.04505295149582097]
SG_11_2_1;Haar;pls;"{""n_components"": 3}";0.0383213929470097;[0.036860379382034084, 0.03362445415451602, 0.044479345304478994];[0.044959263145180804, 0.05095770891811649, 0.047534812746033335, 0.04456606283143275, 0.040178809494934596, 0.040178809494934596, 0.038358121524650284, 0.04947019523008339, 0.045292366345212665, 0.047534812746033335, 0.03925765184700591, 0.03925765184700591, 0.04423216883179657, 0.03925765184700591, 0.04262409634678805, 0.04008923362610261, 0.044290008520048975, 0.03925765184700591, 0.04262409634678805, 0.03917411684431781, 0.04299084624691313, 0.03917411684431781, 0.03917411684431781, 0.03917411684431781, 0.04527102104652598, 0.04078272064122607, 0.0383213929470097, 0.0383213929470097, 0.043586763696902044, 0.044290008520048975]
Gaussian_1_2;Haar;pls;"{""n_components"": 4}";0.038552886035432395;[0.036166102326851565, 0.03487600490888445, 0.04461655087056119];[0.043475599866684, 0.05116629584199672, 0.048491712408762176, 0.04768186537735008, 0.03935933021963142, 0.03935933021963142, 0.040008946477752466, 0.05045847721142438, 0.04841887730512431, 0.048491712408762176, 0.04226520078143988, 0.04016462088028277, 0.040603058098384756, 0.03935933021963142, 0.04411309424788456, 0.040603058098384756, 0.038552886035432395, 0.04226520078143988, 0.04558678575376742, 0.038732427593809536, 0.04016462088028277, 0.038552886035432395, 0.041749621093409996, 0.038732427593809536, 0.038552886035432395, 0.04155685637720202, 0.038552886035432395, 0.04411309424788456, 0.040529645490243627, 0.04285785599242913]
SG_15_3_2;Haar;pls;"{""n_components"": 3}";0.04042973592614632;[0.037551663881235854, 0.03780421015534671, 0.04593333374185641];[0.04397615541275604, 0.04937881791777401, 0.048045464623660224, 0.046883058015673294, 0.04051162960905116, 0.04051162960905116, 0.04048379095329264, 0.04889341662489324, 0.0473480343842965, 0.048045464623660224, 0.04048243968323505, 0.04048243968323505, 0.04403217539035379, 0.04048243968323505, 0.04393324680677151, 0.04144600319066942, 0.04048243968323505, 0.04445274666533507, 0.040591608426005836, 0.04144600319066942, 0.04042973592614632, 0.04042973592614632, 0.0405079821530473, 0.04418952013550778, 0.04042973592614632, 0.04342170958392914, 0.0405079821530473, 0.04571830330975126, 0.04042973592614632, 0.04449902222218801]
SG_21_3_2;AreaNormalization;pls;"{""n_components"": 1}";0.040832040436180196;[0.03947272841136056, 0.036148729267967514, 0.04687466362921251];[0.3480852139184054, 1.7436839478857327, 0.8708388926797737, 0.5493511192033798, 0.1114433934670178, 0.1114433934670178, 0.0629429479731942, 1.306316922153422, 0.5205574737215395, 0.8708388926797737, 0.040832040436180196, 0.040832040436180196, 0.3449075718568666, 0.040832040436180196, 0.2290385817746686, 0.12953456335921792, 0.040832040436180196, 0.4141977116416447, 0.11428721623257034, 0.12953456335921792, 0.0903495676078294, 0.040832040436180196, 0.18312870201391732, 0.0985377681555341, 0.040832040436180196, 0.14553207506251065, 0.0985377681555341, 0.36324546421771836, 0.0903495676078294, 0.5522495974777639]
SG_11_2_1;AreaNormalization;pls;"{""n_components"": 1}";0.04084110998981788;[0.03964108553493117, 0.03595765184770274, 0.046924592586819726];[0.10132384796193784, 0.824318485797818, 0.61823766937512, 0.5449951689555048, 0.13050033593542856, 0.13050033593542856, 0.045239341247706434, 0.7531819091773843, 0.5747956405301363, 0.61823766937512, 0.04084110998981788, 0.04084110998981788, 0.12393206243881899, 0.04084110998981788, 0.15883697552976409, 0.13597405435930088, 0.04084110998981788, 0.2383756042167587, 0.14145225842621353, 0.13597405435930088, 0.06953077597214202, 0.04084110998981788, 0.23477655894586205, 0.06826672424069431, 0.04084110998981788, 0.18383861942723942, 0.06826672424069431, 0.17969182216542123, 0.06953077597214202, 0.3706914322477555]
SG_15_3_2;AreaNormalization;pls;"{""n_components"": 1}";0.0408459706435346;[0.03960389769126072, 0.03596883961214537, 0.04696517462719772];[0.07187380133315639, 0.10252620714841566, 0.1164573155716108, 0.10964000089704178, 0.042004549946944296, 0.042004549946944296, 0.04184730847515055, 0.10285481577970339, 0.11999167219265522, 0.1164573155716108, 0.0408459706435346, 0.0408459706435346, 0.07313824929707975, 0.0408459706435346, 0.07143006920224276, 0.05241890973880734, 0.0408459706435346, 0.08531488084381526, 0.04783239301616176, 0.05241890973880734, 0.04156389786198643, 0.0408459706435346, 0.07422957400973525, 0.04092321103841401, 0.0408459706435346, 0.05566189597453349, 0.04092321103841401, 0.0817465421474994, 0.04156389786198643, 0.09503592795572509]
Gaussian_1_2;AreaNormalization;pls;"{""n_components"": 1}";0.04085650595793846;[0.03969430972192433, 0.03603321582211378, 0.046841992329777274];[0.051426199016990436, 0.23597427048602673, 0.18878609871860533, 0.10344055883533017, 0.05408510941493764, 0.05408510941493764, 0.04095978902134568, 0.200114058705551, 0.1342554195496131, 0.18878609871860533, 0.04085650595793846, 0.04085650595793846, 0.06652205044372729, 0.04085650595793846, 0.06971135998924903, 0.07450079582613651, 0.04085650595793846, 0.06021232565409071, 0.05627865760745543, 0.07450079582613651, 0.04568391570899314, 0.04085650595793846, 0.07797032666303234, 0.0573058471961731, 0.04085650595793846, 0.06792912382212167, 0.0573058471961731, 0.07585761396810854, 0.04568391570899314, 0.06975978264481408]
SG_21_2_1;AreaNormalization;pls;"{""n_components"": 11}";0.040894925491590385;[0.04097777786199144, 0.03764599938584221, 0.04406099922693752];[0.04490581686536807, 0.29542695649875267, 0.22438941231336296, 0.14271905496020565, 0.08706984614145696, 0.08706984614145696, 0.042498119099035774, 0.29938826905113775, 0.16445217278485066, 0.22438941231336296, 0.041630032797944604, 0.041630032797944604, 0.040894925491590385, 0.040894925491590385, 0.04490581686536807, 0.040894925491590385, 0.08622078627830711, 0.0668388982755306, 0.08622078627830711, 0.09772424567562384, 0.0688081004021389, 0.04490581686536807, 0.060363198419909024, 0.06440680896286956, 0.08706984614145696, 0.06440680896286956, 0.12898266556881363, 0.060363198419909024, 0.0885218140834384, 0.04490581686536807]
SG_15_2_1;AreaNormalization;pls;"{""n_components"": 1}";0.041421561967860614;[0.04139417621511556, 0.03596248071526608, 0.046908028973200205];[0.056717598444795854, 0.1807185501309445, 0.14366280325778252, 0.10895663524248257, 0.05905650328523701, 0.05905650328523701, 0.04363899777585853, 0.16986439557622365, 0.11563628943584281, 0.14366280325778252, 0.041421561967860614, 0.041421561967860614, 0.053477017677445594, 0.041421561967860614, 0.05029147405809934, 0.06039472700534556, 0.041421561967860614, 0.06281826391114274, 0.06495311683246323, 0.06039472700534556, 0.05015132515010809, 0.041421561967860614, 0.061076299089396345, 0.05776728054100033, 0.041421561967860614, 0.06236587803945757, 0.05776728054100033, 0.05787939087151425, 0.05015132515010809, 0.08835353026944391]
