y_pred;y_true
24.379885;44.45
28.062988;44.45
30.148544;44.45
38.25785;44.45
34.8936;44.45
42.84202;27.23
45.685013;27.23
29.891182;27.23
35.145603;27.23
34.346928;27.23
71.11425;78.87
65.164246;78.87
70.74095;78.87
64.25021;78.87
69.66586;78.87
53.06163;29.75
55.163563;29.75
56.370243;29.75
35.723675;29.75
46.193855;29.75
52.516235;45.57
50.350746;45.57
46.58007;45.57
53.6868;45.57
48.13234;45.57
63.74418;58.22
58.859695;58.22
66.03938;58.22
64.8481;58.22
56.003807;58.22
51.89789;38.61
46.267036;38.61
50.684135;38.61
37.530495;38.61
44.423603;38.61
56.52345;40.95
57.35128;40.95
56.142136;40.95
66.5069;40.95
55.682457;40.95
43.782516;39.44
42.122055;39.44
41.50374;39.44
50.587692;39.44
41.531837;39.44
34.086876;35.69
32.781506;35.69
42.444405;35.69
45.39321;35.69
47.186703;35.69
53.983917;44.71
53.28167;44.71
51.770702;44.71
55.77513;44.71
52.55005;44.71
46.610184;40.56
42.573967;40.56
52.995705;40.56
42.848007;40.56
41.200253;40.56
46.8275;45.12
52.91948;45.12
50.223957;45.12
51.603493;45.12
53.175583;45.12
61.97594;44.22
49.621;44.22
54.998867;44.22
52.132896;44.22
49.548878;44.22
53.541794;44.07
55.630127;44.07
57.330425;44.07
54.26491;44.07
57.113003;44.07
54.777462;57.58
51.770218;57.58
56.791626;57.58
57.616196;57.58
53.509228;57.58
71.411446;59.17
59.099068;59.17
66.36575;59.17
68.78837;59.17
63.972473;59.17
55.895306;45.2
46.410515;45.2
52.06066;45.2
59.499374;45.2
45.465607;45.2
40.767258;33.01
38.656883;33.01
32.35057;33.01
40.852493;33.01
36.427917;33.01
54.925873;64.71
54.678146;64.71
52.726852;64.71
55.342476;64.71
52.731;64.71
51.077854;38.47
47.72395;38.47
49.94745;38.47
49.765015;38.47
47.823612;38.47
67.624016;45.31
59.64372;45.31
59.638634;45.31
63.976173;45.31
64.4566;45.31
58.054466;36.71
54.311066;36.71
56.86689;36.71
62.5186;36.71
52.787224;36.71
41.765095;52.25
41.4394;52.25
37.7389;52.25
42.222336;52.25
58.201805;52.25
13.467247;12.54
14.859937;12.41
27.30486;25.81
22.997963;24.13
19.269001;17.12
16.273243;13.54
19.800606;21.8
18.58939;20.9
22.544947;21.87
24.73505;20.16
21.621964;22.64
23.069542;20.22
27.39716;21.28
19.467201;19.61
32.009758;30.23
33.81803;31.44
16.087704;16.43
18.499704;13.23
29.735252;35.78
29.916643;32.51
14.868637;12.95
12.76428;14.11
27.629217;27.88
34.377476;29.07
18.89985;14.55
18.597816;16.5
22.444294;26.0
24.057604;23.26
17.84512;15.92
20.599829;14.7
26.805317;27.9
29.670757;30.75
28.316845;34.5
11.398114;10.54
21.640411;23.49
27.794313;32.3
29.147861;28.42
24.965801;33.21
24.000725;24.13
21.168346;24.06
39.421535;44.58
34.092133;44.46
31.789387;30.51
27.187878;31.63
29.259453;30.67
22.734838;30.68
35.139866;42.98
34.60482;41.9
33.6605;35.71
18.111782;22.96
17.054844;20.83
18.731228;23.05
21.09427;26.94
27.476528;30.23
38.598686;45.59
36.31183;42.53
21.679874;23.97
23.798954;23.89
41.999054;55.09
45.208637;51.42
31.182335;27.35
26.893406;31.42
30.892061;38.41
36.79538;41.39
21.425673;24.91
23.260784;23.65
35.24442;42.11
39.959183;43.11
24.868515;23.1
22.850323;21.61
43.35881;50.76
39.518127;25.5
26.99319;26.41
30.600271;27.97
40.753746;49.75
36.935883;52.85
24.316652;32.39
30.107628;33.8
40.944458;50.37
34.529976;47.74
23.885334;28.41
24.933628;27.7
31.972626;40.54
42.20308;45.72
37.303658;35.95
35.196247;36.32
38.25093;52.56
47.71724;54.11
33.70069;36.81
33.449722;32.77
43.91431;51.58
39.23146;51.5
25.937685;29.23
31.462936;30.02
43.333412;50.45
42.081615;50.42
40.399353;40.54
39.596634;40.24
44.990517;61.88
42.928307;56.94
22.31778;23.85
24.232386;21.56
25.988358;26.63
27.614645;25.59
14.904394;11.72
13.997452;13.91
23.573324;20.26
21.913073;21.63
14.887009;14.86
15.350854;13.98
18.51049;21.15
21.498077;20.16
10.717702;11.19
13.4758215;12.46
19.089094;21.18
20.16222;21.55
13.170099;8.33
11.344846;7.72
13.032536;8.41
13.258991;9.99
13.757048;11.1
12.239177;10.17
11.321079;7.08
13.287441;7.01
18.664078;14.77
23.269436;17.43
14.923323;9.3
13.596594;9.66
18.785534;12.16
19.256954;13.02
8.643999;5.45
8.159331;4.37
13.096309;11.69
14.8695545;13.19
12.108389;16.81
12.618386;14.48
7.756232;7.78
12.419659;9.54
54.210632;73.28
56.02465;76.15
34.79282;35.57
36.065132;35.36
61.167107;87.52
60.358643;91.42
51.582935;74.21
58.77688;82.58
26.93436;30.2
23.627151;26.97
26.31641;26.15
22.758661;24.25
21.71856;21.03
21.575962;20.94
24.574999;30.01
23.611391;31.62
57.14878;84.34
59.207867;79.85
57.948647;83.32
63.652466;81.15
67.90121;103.54
62.237076;101.65
67.36853;106.72
74.900215;105.09
62.6481;92.36
63.571117;92.75
18.478601;25.19
34.372368;38.55
52.108482;53.3
31.226192;27.56
23.757051;24.37
49.311874;48.08
61.288414;63.54
15.489773;16.97
19.221092;20.15
25.066044;34.02
34.592377;61.48
39.504864;70.48
9.606471;11.62
9.086948;11.44
4.454768;1.17
4.1305065;0.78
36.156387;41.17
41.161385;45.13
28.53417;31.94
33.53846;32.44
15.916322;16.29
16.038086;16.97
58.68031;65.01
67.24791;74.15
27.645607;37.01
27.15031;38.32
6.278166;5.44
5.56311;4.34
48.6868;34.92
50.645336;33.74
71.51314;47.18
63.633865;39.63
27.378212;20.47
23.93421;21.35
21.112875;21.01
24.208359;20.66
23.230429;18.62
22.930832;19.05
35.731686;41.69
27.466316;36.01
56.723534;61.99
40.392754;52.94
36.634354;35.6
26.074976;22.89
52.529175;50.33
52.244293;56.05
48.18341;54.55
47.70397;46.59
32.572342;36.89
25.345661;27.97
37.566498;29.43
31.26802;24.39361514
41.709103;25.78314468
38.424564;25.32767952
34.174343;21.63125221
29.884872;21.43567386
28.726147;20.48553237
30.09048;20.68714185
31.43906;19.5273081
35.18571;19.80060134
32.602634;13.61299965
28.014956;13.45318359
28.818245;14.17707817
20.595821;13.4381323
18.483677;16.32886452
27.158325;16.65014149
29.101992;16.07767952
19.632294;17.53967103
21.978912;17.32856385
24.64977;16.98719491
30.560932;16.48703573
28.643175;14.79557835
25.529305;16.19106827
30.556755;14.76915458
26.028877;13.80113194
30.8654;16.71844712
25.62524;16.5554121
53.927586;34.07281571
61.775284;47.11264591
46.288223;43.98842412
40.907955;31.77660064
36.892307;32.2643792
47.563442;39.38862752
38.70661;27.34465865
33.410774;24.69936328
19.294455;14.34529537
22.297949;18.25518217
24.06213;18.05030952
27.684303;21.81193845
33.372597;24.98655819
32.582962;24.18172975
37.13418;27.10845419
41.688457;31.37852848
30.476337;24.85132649
41.045746;25.56671383
27.844595;24.19074991
35.28711;24.65907322
29.87142;19.4408914
36.040047;26.82957198
38.373707;24.61703219
55.23899;38.97458437
54.218864;43.89640962
64.38977;41.941422
51.663467;31.38089848
60.586414;44.85431553
52.92401;40.05364344
49.243877;36.84082066
54.695854;37.04957552
54.880745;46.2747966
45.95553;28.43330386
41.740402;42.66717368
53.60299;34.25434206
33.270767;25.63471878
37.922264;30.28096923
52.639618;38.71508666
53.867775;38.83199505
47.43364;42.58371065
52.554558;31.87523877
29.223495;27.01804033
29.283375;24.3494694
26.114315;24.738318
44.767662;34.91685532
44.949913;35.75909091
34.298916;32.51867704
29.914595;22.8521047
35.914776;25.16825256
32.174583;30.437867
48.181976;49.50245844
48.29431;48.44119208
60.24494;56.80779094
51.064133;42.52398302
52.174835;41.1315352
58.08129;55.30233463
54.464767;42.86427308
59.589855;41.93570923
64.28047;47.53751326
65.33761;47.37138309
58.781494;47.99474708
76.712715;48.00437743
57.781662;54.23921118
54.153107;51.2451185
62.608734;59.31018748
50.772964;26.30155642
53.176033;43.22196675
55.416702;35.23178281
52.838486;47.89004245
58.564056;40.2844358
55.050747;49.07705164
51.887558;42.62628228
51.442196;53.46078882
45.046097;42.89189954
49.203808;35.59416342
43.9889;36.46391935
37.090984;30.49299611
58.244446;50.68793774
56.622047;45.32373541
69.729805;49.1790856
49.26529;56.5312699
58.78859;46.1201804
58.20131;45.35298903
60.122444;43.14322603
52.937916;40.32996109
55.476143;36.00610187
48.386543;48.49428723
60.16681;53.31298196
61.78268;49.81738592
57.454803;52.95866643
60.76629;52.20481075
58.441696;51.3651751
61.42781;48.87529183
59.203346;47.07780333
56.352013;53.29310223
65.00607;43.1184648
59.346123;45.76146091
49.355194;39.95282985
50.05887;38.5765122
55.68009;40.01936682
48.681286;40.69434029
53.438644;40.49685179
60.913647;40.76850018
48.807095;31.35397948
47.361786;46.23687655
54.443016;31.57232048
58.32923;49.43447117
50.87512;39.30183941
51.399075;33.79389813
51.19301;48.36386629
54.851765;40.61590025
61.142437;48.40320127
65.82736;48.10535904
56.86405;44.96473293
48.284634;42.83445348
41.162743;43.31884507
62.479034;33.1002653
52.197693;39.889052
60.02095;38.14365051
57.104847;57.82370004
62.461105;42.41156703
64.116806;41.9405023
54.68237;33.29945172
51.170906;36.40035373
54.45778;37.03623099
50.49035;37.75953307
61.140785;39.26779271
62.64367;42.32658295
49.787083;40.56328263
51.91401;40.24513619
54.307198;35.81885391
56.847084;50.85159179
61.452065;53.65387336
57.5356;47.04046693
53.41799;34.57792713
56.915123;48.39027237
56.87204;45.79281924
56.777252;36.91995048
55.985256;43.4594977
54.342644;33.44027237
63.822693;47.32115317
60.1802;59.46144323
61.040207;52.1139901
54.207653;45.88252565
57.11847;42.14285462
56.29039;48.21412274
59.6661;35.44304917
58.848312;40.14029006
59.055058;49.46894234
62.11693;50.5393173
59.324024;51.76177927
51.124947;42.07210824
51.977776;41.97767952
56.237816;27.19784224
52.357376;42.24463212
59.593704;51.36211532
58.447777;48.24244782
53.532375;40.63394057
58.368935;34.07392996
-33.034664;31.17943049
55.29836;47.09541917
58.283417;31.78098691
59.626892;38.99504775
36.790043;31.59653343
59.78366;34.8361514
55.457108;33.37110011
53.582314;27.38309162
60.327118;37.36977361
58.19546;45.84044924
58.84286;28.06338875
59.696236;34.91659002
58.299583;43.34241245
56.62876;36.24787761
60.807213;30.34791298
61.623272;44.68498408
58.890312;46.38263177
65.09415;52.89573753
60.812447;48.31726212
64.24225;58.02868765
59.238075;52.99052883
59.156425;43.8908914
63.127243;39.54883268
47.19369;47.7470994
57.933403;51.28949416
60.4387;35.88489565
48.706467;30.32943049
57.58616;44.79964627
54.244522;39.91680226
58.054886;38.69869119
61.44353;32.91234524
57.912304;31.69754156
59.657055;34.51565264
47.54641;56.8229572
59.546143;59.9379908
52.788006;47.96469756
57.80069;44.16107181
45.67018;48.72058719
47.38853;40.76349487
60.324673;34.47408914
59.85376;38.73027945
59.16037;41.12382384
51.79079;51.58441811
50.87988;45.08006721
54.86508;57.3862752
51.770325;44.61119561
57.574078;39.63243721
50.440197;39.38254333
59.20183;29.88194199
51.7593;26.5747966
55.65756;32.29140432
57.699646;18.2005306
49.501396;34.40008843
53.120575;35.21738592
53.806038;24.01720906
64.06787;52.40682703
67.3436;30.87072869
54.951588;30.15767598
56.398792;29.63751326
49.961304;17.10360807
55.82733;41.76250442
63.060867;38.72629996
53.065437;25.6583127
60.946068;43.94306686
69.92264;48.02987266
64.85531;45.60338698
61.935356;47.24517156
59.842342;47.49188185
57.39503;45.96699682
58.431232;37.87888221
57.8375;37.57327556
56.77031;41.97729041
57.003036;45.19354439
58.51817;35.82881146
57.44442;29.05595154
56.29207;29.53431199
56.272793;30.21100106
53.27607;24.23473647
59.546555;34.88542625
61.065376;39.26340644
49.120033;23.34099752
59.913223;44.37021578
61.86482;33.06975593
65.15068;40.48292359
51.577858;31.32354086
57.81607;31.96204457
58.15545;25.91393704
57.89182;26.12773258
59.91251;23.25887867
62.06183;39.75447471
63.689663;36.02886452
63.46041;46.69040502
56.58396;40.94338521
60.913345;32.79283693
57.21469;39.45191015
58.07447;29.25042448
55.319565;15.96452069
57.152493;25.22785638
52.38271;21.68231341
55.654472;8.040997524
37.15683;24.38871595
55.311836;16.33160594
51.564972;28.83471878
51.038395;25.98178281
64.72963;46.29833746
65.20625;29.2692607
60.54113;31.6752034
59.681244;30.78010258
60.60399;35.23666431
63.322884;33.75270605
46.15579;30.06639547
45.075966;25.28979484
59.743027;26.55001769
54.75155;26.65965688
63.86138;36.44785992
54.89969;34.38109303
52.02059;31.71989742
62.36431;36.29368589
64.95589;33.53900778
55.516705;32.44856739
57.614666;35.07297489
57.908493;28.12069331
61.58365;34.48961797
58.29181;23.17292183
58.06501;30.010948
56.509583;20.33606296
64.21085;11.28814998
62.422825;30.9381942
59.51304;23.82270959
54.13726;25.15185709
56.01048;25.88148214
36.525146;19.4300849
40.0974;28.98004952
35.536507;19.79787761
49.888042;14.37274496
49.18564;19.17725504
51.77534;27.26302618
43.371082;20.8282278
45.071835;19.97980191
50.53702;19.34561372
49.14769;42.34994694
45.415092;44.11597099
57.017647;32.4824549
58.1568;20.93065087
49.461563;20.39441104
47.48388;25.15500973
48.675526;17.60060134
52.203766;31.58609834
53.89726;29.27536258
37.08161;17.00539441
39.92526;21.84299611
52.853516;19.01954369
52.016205;20.75208702
53.758766;19.06581181
51.50891;12.90863106
54.80364;17.41246905
53.271435;20.50921472
49.435783;5.733003184
58.045197;28.68526707
55.408035;24.28705341
29.795595;13.58705341
52.203495;20.07964273
56.369602;31.45256456
64.49482;25.46469756
46.422962;7.335054828
52.853413;10.81605943
42.26488;17.75258224
59.649796;15.7236116
58.039402;21.29099752
56.246166;23.02332862
61.789417;23.71363636
65.18135;19.23222497
58.15629;17.54371242
54.869568;19.50049522
57.35182;30.62780333
60.519833;14.639052
47.652588;7.824319066
40.639492;10.70045985
31.579336;14.70986912
51.524185;8.087106473
38.666046;3.912079943
49.955956;6.035470463
54.1539;21.67932437
50.432762;11.08190661
49.04832;4.877591086
37.731342;19.2419526
14.621214;2.627944818
17.92678;4.890767598
-945.4686;1.429837283
52.370224;12.75116732
55.302803;12.05761408
44.579678;13.29179342
47.635452;16.42759109
12.566546;3.974266006
33.48044;23.40999293
45.92533;27.61881854
46.84448;32.84264238
25.867989;12.16795189
48.659893;18.61536965
49.105415;20.37979307
51.978836;22.57629996
50.590435;22.20286523
51.873924;23.15661479
34.62632;9.251574107
44.70141;18.80044216
-1999.9397;3.983675274
46.988785;8.997488504
50.05867;15.69342059
54.32476;19.63440042
50.809593;15.34915104
48.365524;9.961036434
50.341072;14.82483198
-4.9881067;6.436593562
-28.641264;8.542889989
15.592585;13.68123452
22.085316;8.548001415
0.8656473;10.19246551
27.709953;10.32946586
19.1087;6.629501238
18.124489;5.920268836
18.681416;10.14359745
16.445576;11.67460205
34.275024;16.30219314
24.021473;14.48770782
12.974409;12.03659356
14.090906;15.65459851
15.685422;16.09846127
17.049454;16.43809692
14.804298;14.01452069
15.766705;15.01759816
19.568306;17.47113548
19.574352;19.52958967
19.352434;26.610948
18.243736;22.65511143
17.537481;19.47587549
18.047976;20.4312699
18.732891;18.1229572
22.4614;21.59909798
18.532738;13.74851433
16.93562;14.40426247
16.318115;14.49060842
15.944535;17.08004952
24.530386;26.47897064
26.103554;27.57058719
22.353458;20.16957906
27.81831;34.63109303
31.198242;37.48095154
30.889187;36.47419526
33.521393;35.19320835
23.073872;29.78853909
21.556862;25.83763707
17.415195;16.18990096
26.271755;29.69929254
28.669724;36.5427485
34.797066;42.47688362
25.532698;31.35152105
33.853607;42.6506544
25.994522;17.14311992
26.38759;18.1490803
30.192572;35.11360099
31.566372;25.83661125
20.92318;19.39020163
32.95177;28.23111072
22.264034;16.10254687
18.562939;12.96006367
27.380444;35.26135479
31.767195;35.30512911
25.69677;29.68533781
30.97718;25.86388398
33.646633;40.11512204
34.175385;43.75532366
33.17048;30.34108596
30.317146;35.36391935
32.271477;38.90758755
28.631248;35.41160241
22.746525;26.26818182
26.122055;29.62301026
29.241425;36.16593562
34.96264;42.75160948
22.528805;31.11149629
37.295006;38.94725858
38.12059;45.66257517
34.989235;42.36837637
34.267452;47.48882207
37.879982;43.46223912
32.36632;46.32866997
24.509634;27.24301733
27.393364;43.85114963
31.11722;32.65544747
32.669914;44.60649098
37.650166;47.15256456
26.086704;37.05677397
34.337715;38.6626636
33.82084;39.59858507
38.61899;46.59892112
35.485718;49.86315883
35.40615;41.19299611
29.297302;39.18636364
33.704254;41.96407853
22.255123;25.57384153
20.289661;27.78891051
35.347137;27.80615493
36.109074;46.59232402
30.797333;20.36883622
32.215202;35.25419172
37.59945;44.30136187
34.149826;43.39389813
29.456997;38.29561372
31.589808;44.06084188
32.93416;49.80449239
28.691685;34.12292183
23.557724;31.28638132
21.778042;23.86883622
26.034649;46.63374602
37.215805;44.90755218
34.87805;30.85843651
34.002987;42.92309869
38.184765;52.28551468
40.43674;49.77566325
36.13167;38.4076583
33.346184;35.89561372
32.007442;34.43558543
33.432297;38.99000707
28.980457;30.84909798
28.551897;45.65229926
38.197002;37.12226742
38.750656;31.84982313
31.391838;24.27025115
31.200462;34.30665016
31.43328;38.7480191
29.225986;32.2266537
40.057;41.32058719
33.217484;33.54292536
31.463806;34.37778564
28.79176;27.98784931
25.613258;25.34462328
26.616833;29.02983728
34.01387;36.89610895
29.235325;38.13436505
31.890144;36.67706049
30.496895;35.64849664
30.208126;34.39223559
39.22815;38.94078528
27.736343;23.81307039
30.177162;27.35022993
25.600672;29.43369296
31.945583;31.74952246
21.952232;18.67716661
25.409855;26.38597453
22.241693;31.16351256
22.029755;25.10944464
26.79787;25.04975239
27.394815;35.09955784
24.49294;25.13540856
18.199398;6.943190661
25.026423;13.26724443
31.243732;22.69204103
-1691.936;1.308754864
30.00984;33.46301733
23.93945;19.02511496
28.61849;23.19096215
27.431828;25.40719844
22.409643;23.99743544
25.27839;23.19495932
7.6611886;13.90495225
29.084051;7.524053767
24.47642;14.72274496
15.967684;11.32964273
5.4924936;5.702971348
19.769726;19.93401132
17.303778;17.83171206
18.780191;6.738981252
17.514896;13.76984436
18.356731;15.84955784
22.228634;9.62430138
4.608279;11.13547931
-1386.9596;6.773558543
59.889412;59.4156569701416
56.37529;59.1739954625103
50.29343;55.1340389246578
50.388397;46.6306977150362
41.56653;36.5382137753373
56.550488;60.1567264106706
47.409164;49.6918243512659
47.50376;49.3947208201582
56.35998;64.9924336207021
62.011314;63.7599852683244
40.79698;50.1633921711248
58.192963;61.3882651914785
53.11841;66.0305854408272
63.884792;63.6391393226696
55.7917;57.4408934469318
52.083317;50.5223225949912
52.50115;61.6974799088564
43.583;47.0407468758374
44.41628;50.9308103899397
50.80992;59.476085944347
46.66797;63.7941907625608
49.47326;62.8600539094779
53.095467;58.0436172139844
50.740715;58.5448173598731
52.018486;54.0681380141384
45.98105;48.945893856605
56.50026;61.0794708363757
33.7777;44.4629361217518
30.95718;37.988625033583
39.500275;35.780493443939
33.468628;35.1275103366804
31.947407;28.6792650918635
37.83754;46.5015402105947
38.7326;38.2858336167607
51.439526;36.5877775234607
39.90525;44.6318133111085
36.416634;37.8908038343186
41.135418;37.8622035530952
45.834152;49.2135474159559
50.38024;58.9937563118561
52.105595;61.5636425038837
49.994904;57.7311018009209
42.163895;47.7806905663938
55.294945;57.6279900576726
58.45065;64.1612959323751
53.84534;59.0346536373004
55.799927;60.7875629688778
48.59111;48.2499186363893
52.73407;60.4359435797665
53.934425;53.9521999358723
53.4485;37.9421494255186
54.55004;61.7788620989593
60.90058;66.8455073490946
45.67147;33.4743205165835
64.671974;69.2401589886026
60.519424;65.6346529467608
56.892967;70.4417745275692
67.02574;69.7268443605417
51.358437;49.9486408663532
62.902786;57.6904831412649
55.14417;55.0870854546409
53.359375;50.2475973590625
60.38842;71.8068352171744
62.78708;54.9169131862756
57.99755;61.8193786874794
58.162567;64.4733454672191
55.691376;59.4300381481655
65.13353;90.0870038976772
52.680138;61.5850123014388
55.814526;60.8523431275501
58.318836;80.4321460831835
48.920013;59.6696398837704
43.117355;56.0834626683194
62.158287;62.8627916352609
58.10041;63.745402328027
48.18711;50.7525824202581
51.24371;55.953155322531
61.40065;68.2279039782111
44.65468;44.0421368085936
58.955345;58.911928099986
56.897694;55.96511047806
71.32141;69.875825476464
54.636093;54.5898253342848
43.738003;43.1289422472028
57.311768;52.4201293501694
55.99504;56.3237994657389
48.43296;44.384252292575
52.096764;47.2683290076469
46.99948;53.4185858268906
50.692654;45.2963603467971
65.86003;56.0353693598903
57.520344;56.2746425266982
41.6633;36.7091179073885
40.621304;45.1407982206539
33.438545;32.6968713146028
34.89277;40.8679895415071
64.10011;69.6792598936405
59.745804;60.9295483449508
63.236805;59.0200320401198
63.81562;72.9609510969482
47.07269;46.8023877063734
64.67756;60.083799185099
52.360893;47.9599480898694
60.516247;49.5460101032679
60.04959;48.2633355602794
63.651245;63.9076980052184
50.09618;48.3881344601621
54.07959;45.308367989918
63.25792;63.9271377489734
50.64512;47.0464040722058
66.18237;53.7338299572772
58.402313;45.7369824804824
54.149784;49.1199560123274
57.072556;41.9914931792567
61.730835;56.2641775423458
60.571;51.3298675539258
74.1682;90.4859631596779
73.78549;63.7010994505084
75.857025;55.7871262380788
72.04392;59.9346840083799
83.24394;57.6536889544291
77.055565;74.315848531386
77.91342;67.2462440452815
69.974075;77.1111634447665
97.117645;87.612212741981
69.04325;58.5510009184675
64.55339;74.129698331132
72.85744;79.837746070799
58.59001;52.3054443059143
64.85495;60.9137780866685
66.92572;67.5803744050863
65.334465;72.8810723898907
65.68761;66.2384904941154
81.61488;96.406335901553
64.21652;65.7495357126527
47.764984;51.6294063624072
53.274162;43.8617615594912
59.00187;59.7417290866238
44.73838;41.2888991920597
52.54167;66.3645588259354
55.102955;47.880009829441
52.62462;60.5232518365919
60.723396;61.8047915321384
58.590294;57.1055245673671
48.098732;50.7593866845249
53.152916;44.0191102142789
60.270027;67.2394340136317
45.553055;50.4343400191895
48.400627;49.0057792305233
40.30863;42.9473623238152
48.54183;46.7534878366419
48.414543;52.5388836406841
43.536438;39.8160143901702
43.06534;51.075935954125
58.14637;52.8954496678113
66.6521;68.9465401697721
66.22809;79.929652788395
58.032257;64.0498817863398
56.36765;82.7340993174901
61.95711;62.5825667906663
61.56818;58.3361218080798
57.71939;59.7442737144028
53.77988;63.1005672216062
43.65088;43.0967548843009
58.422703;56.9025003023863
33.924454;36.3334264903377
33.659027;29.9087888861082
49.23153;35.1745097066672
58.12802;52.0505842682162
50.89679;48.8745986249274
51.455162;46.7623473053892
48.79011;42.3797257997507
61.061172;53.2613386961103
67.53948;56.4041975101237
73.686035;59.2232238180906
57.67691;55.4622029098178
43.315872;43.9450955765477
69.38437;73.3150131170999
56.35047;54.5557830735192
61.443985;55.6803154698307
75.197754;74.0090053734893
67.81682;69.3177124394808
57.56431;50.0586889152832
59.705494;61.6611938233341
65.13592;55.7887805329296
69.85873;76.4896554459175
68.04724;62.1446056046914
60.122917;53.3501665657178
51.632347;53.6142465507267
43.83406;45.9454688454876
59.26908;38.6866385090449
58.07293;69.3587472583001
61.35092;52.2888026507173
74.779854;78.2675634040954
66.28793;83.1474656560871
55.934273;60.8355890836476
59.426704;53.3479876160991
56.43256;65.7016601665437
60.028263;75.3382410475468
49.9301;54.3744358917969
62.83632;61.1387444181771
58.624393;44.9118367905799
56.261124;52.5547098272471
42.18463;44.9556197174718
44.67585;40.8325204322753
55.47767;51.7364417169912
56.358665;52.1543433115535
53.23999;51.1223974589144
47.028038;40.4014886685427
55.90507;60.6005856677164
59.873253;56.3941051981503
43.86357;43.6443700378994
53.190067;47.5930768778998
59.21836;68.4728954481353
47.58953;47.7456205656041
53.96099;48.228097630618
39.16142;37.0311439431383
54.323624;49.1043641633482
41.947746;41.082460310879
60.588135;46.3662291787848
56.92365;50.1306821566875
49.24328;49.956083939285
56.768585;51.7496643139955
38.20922;37.2631175589934
54.15217;45.1996997368829
49.51427;36.201019388679
43.22312;39.3277087159203
56.48604;46.728282966329
33.31576;24.3729246647056
44.165707;56.4298445629135
39.812813;46.60641455539
33.96542;46.4089556313993
36.246;29.8757807879345
44.6743;56.75990145356
50.169052;57.6603045968981
47.61721;53.6145071359149
44.62897;66.4638200872877
42.32761;60.5507554860225
41.603638;43.2731930466606
34.074417;26.8995222822189
44.28881;41.1648437101627
34.643524;23.3245240217127
36.61689;23.3443896891585
39.373096;34.6634331025536
43.442802;41.5149493061049
48.76081;47.8814129873032
38.825066;40.7025195329646
32.00497;34.6539988966086
35.164413;39.2274008956709
38.90241;45.5787107938568
40.834694;27.7540909543899
55.08592;56.9590580867787
40.65235;38.2934548039839
42.844444;38.4102985449071
34.95494;34.2526044110746
49.249626;44.8759108694757
47.35695;48.1872049971239
46.05898;42.7892934901377
43.040276;39.1397225069865
39.649147;44.8463448910238
42.437782;41.3177716091432
49.76632;59.0911066524247
59.833553;53.617763925968
30.682457;26.00430596
30.745623;22.95663835
37.941433;30.2434608
17.57492;16.4730061
43.640926;34.93943696
55.644604;48.48390477
45.941185;44.25915215
69.01549;53.69799792
53.387524;49.75786711
34.985493;29.03698303
35.4412;39.82379873
37.466118;41.29279728
52.585793;46.74967028
37.519524;36.58471374
59.08439;48.87564453
59.441654;60.28743115
61.579456;58.11277846
41.28398;36.72997515
42.401703;39.30263425
53.54133;45.35261816
38.11667;39.71181399
34.223404;48.990272
20.01585;7.887211612
29.932367;45.03832962
24.174511;19.01993333
26.450445;25.55207913
27.835394;25.62871122
25.205572;24.22936625
22.464958;18.92847399
24.931267;54.43281549
23.813095;22.47977671
18.589993;16.07585041
36.682026;35.30734502
24.560787;23.25248755
34.389835;42.66149954
36.066536;34.29978028
42.795662;42.98068189
25.849854;12.65995893
38.09366;58.25898917
63.112083;26.60766508
46.09571;35.22934318
45.2959;49.63132388
50.70408;108.5983624
27.518867;42.00475075
46.19571;88.41593106
35.283997;38.6522299
31.465765;55.23628285
32.3224;30.75857219
42.69028;48.27843915
57.0951;32.16249201
25.12384;28.401657
45.60402;55.23631801
29.586899;46.51556379
39.479965;48.40281993
33.84806;49.10288477
29.566086;44.20859178
47.068653;34.55931285
42.705326;37.61923988
37.419872;43.23739357
26.608006;25.39917237
23.05054;27.79316379
49.70289;57.37918527
28.507797;18.63555901
26.637974;9.412968825
21.67115;15.63376724
27.537195;39.58771409
21.023254;16.8259879
36.60277;51.50494873
32.408165;48.75502749
39.166603;61.23031796
51.67655;49.64614129
54.928463;39.72519954
55.859135;30.72820951
37.742718;58.24126216
32.902405;34.50284857
55.58603;35.67786905
56.235558;19.74297398
51.823334;40.4010336
54.294746;27.32833294
56.295803;48.67651257
27.877605;23.22714263
54.024147;45.46759128
54.93996;41.50134989
32.595688;24.54509816
27.726158;29.5480915
40.253845;45.1043072
22.474688;53.6192104
42.391296;21.42409498
50.944946;49.679381
34.158905;37.57607415
32.174637;38.16421712
53.01382;37.80261862
40.128487;38.61934739
47.908127;37.81725868
43.583687;25.03514384
42.42417;66.7859536
31.435356;23.20135294
37.963943;20.19342967
39.81006;26.01660544
49.7683;70.36617126
44.648132;54.17289455
37.602932;47.03892428
37.941628;47.384147208
33.72224;38.940622789
36.157707;35.767445155
41.803062;38.274026896
19.72475;35.652441615
17.626562;32.080113233
15.427562;29.456970979
19.116392;32.089030431
23.8417;35.36985138
38.613243;34.535881103
19.425722;33.211606515
20.360071;42.160155695
22.60416;41.233474872
16.684319;27.388322714
27.887749;37.922788394
31.010452;45.907218686
16.7038;38.513163484
33.49294;61.67749469
34.33745;59.71493277
32.154156;61.88397028
31.209675;50.140127388
31.682781;45.866878985
59.906254;74.68867657
54.226322;60.70912951
36.93558;58.36256193
52.853878;63.58322717
56.04577;75.12816702
53.722595;69.77268224
41.30094;49.398867656
31.614384;46.122505306
34.292984;60.59391366
50.48642;69.25406936
24.454437;50.625973109
20.838747;40.691012027
42.465183;59.48492569
41.92433;55.25647559
26.125086;40.81203114
18.973982;32.842533617
50.66504;68.6353857
44.76841;60.68527955
28.567997;57.764401981
28.561008;57.26829441
30.362394;43.941755127
28.947197;50.590092008
39.30805;45.251096954
22.847546;54.22370842
38.358833;58.788251947
35.72853;37.42066525
43.382965;43.376999297
35.904327;32.050247703
42.803947;28.590021236
40.270645;38.145647559
41.4037;46.745859872
27.969563;50.277636233
34.433395;51.85017693
37.59643;38.47147912
33.80904;50.530360938
29.268421;45.680113232
32.46621;49.344939849
37.60782;54.39263977
55.205585;59.048336867
42.990936;56.003750881
37.789227;53.18492569
35.866463;55.41203114
45.761673;66.53821656
49.474937;55.66008492
28.338173;57.10382166
38.71988;66.77289455
56.787598;59.08287332
35.85616;53.54062279
47.401962;61.06856123
34.73574;59.59385907
36.081913;62.68620572
40.50444;61.30042594
28.040049;47.701493722
25.808043;41.885917244
24.203854;47.91394141
18.672415;26.426869204
23.961187;37.629494997
23.735512;38.087873179
23.664154;68.7819093
16.444218;49.770208974
30.53962;44.057946317
35.68255;74.28701717
30.251205;40.348515268
32.807655;33.096566368
29.186352;33.204186288
23.418858;19.473092263
19.280819;26.007301703
21.986206;34.773820029
26.4711;66.81429898
31.37622;34.30889239
30.296581;40.757082049
33.04229;40.551701197
35.02507;39.771389079
32.34429;35.104587284
18.22271;25.483284223
39.07826;46.625611287
34.49494;37.636665056
25.089645;29.722122612
26.632038;30.117345643
37.079056;45.414061732
37.088074;32.68871185
29.829937;46.921002162
39.295376;53.968340579
36.15947;50.18854295
36.092926;48.135981663
28.54689;26.769616941
34.423107;29.995426744
23.735203;19.973495892
39.70231;31.205988892
31.124287;30.839400696
45.108757;32.455007976
34.65884;29.036081964
42.23278;54.040837119
41.376507;37.762845402
34.31965;43.471310607
39.5791;55.33158718
40.267254;47.082365413
35.550873;59.04689148
38.18034;44.387781088
32.632267;49.225768225
37.05642;45.339434475
34.661514;45.910104305
48.99328;46.598275671
39.25355;63.80910806
43.56004;74.48075334
44.356823;66.00536318
38.433323;47.264360293
19.272146;43.243998898
32.140648;60.85774569
33.516678;26.00430596
33.25061;22.95663835
35.43535;30.2434608
15.021457;16.4730061
44.015625;34.93943696
44.657047;48.48390477
42.41899;44.25915215
62.087925;53.69799792
54.579685;49.75786711
34.978195;29.03698303
36.084778;39.82379873
23.298016;41.29279728
49.21751;46.74967028
62.059128;48.87564453
56.367195;60.28743115
60.929436;58.11277846
46.810738;36.72997515
43.9729;39.30263425
57.0903;45.35261816
39.831257;39.71181399
46.12198;48.990272
41.678707;45.03832962
24.6383;19.01993333
31.093203;25.62871122
28.126532;24.22936625
32.95396;54.43281549
25.4989;22.47977671
20.15596;16.07585041
16.52788;23.25248755
37.905945;42.98068189
24.604069;12.65995893
37.299377;58.25898917
63.42618;26.60766508
43.715393;35.22934318
47.06224;49.63132388
46.70501;108.5983624
31.572975;42.00475075
37.831467;88.41593106
36.425026;38.6522299
27.211477;55.23628285
25.219666;30.75857219
39.91224;48.27843915
54.525673;32.16249201
24.620872;28.401657
37.016983;55.23631801
28.879534;46.51556379
40.880634;48.40281993
29.802185;49.10288477
29.855341;44.20859178
44.20658;34.55931285
42.920715;37.61923988
36.800346;43.23739357
25.901035;25.39917237
24.61848;27.79316379
53.678955;57.37918527
31.05523;18.63555901
28.275505;9.412968825
22.055626;15.63376724
28.218647;39.58771409
48.60962;48.75502749
38.579926;61.23031796
22.054054;22.32973933
38.457397;49.64614129
51.52488;39.72519954
55.361046;30.72820951
46.905396;58.24126216
50.908367;34.50284857
57.66967;35.67786905
28.254248;19.74297398
52.741146;40.4010336
57.48542;48.67651257
25.15833;23.22714263
40.04054;45.46759128
52.608765;41.50134989
29.104591;8.8201491
29.73146;30.0636545
32.54801;26.6981223
33.785355;19.007545
27.339273;29.2398225
34.494415;29.7678678
27.010103;29.8042623
33.907772;29.4200929
26.618042;29.6248624
30.631687;23.6001993
30.459587;27.2118078
22.0386;32.0045637
35.128586;18.4333902
24.942158;27.0877439
27.011478;26.5075625
28.563402;29.4200929
29.81931;28.9160377
37.83176;30.6091605
26.733793;24.0875017
26.499058;18.2845829
64.749695;16.6526091
30.589104;22.0629308
29.20905;21.7803682
27.830006;28.0560533
27.21059;19.3598966
28.799845;20.2066235
31.015408;20.9780748
28.428196;21.916726
30.747337;23.0663997
30.113998;21.185161
20.24459;17.5969486
30.29388;0.1203567
52.110947;16.7258445
25.533546;24.6723306
31.995401;23.503091
28.91697;22.5682286
34.384193;21.3595053
30.298462;21.5183369
38.980026;19.5402631
31.320213;18.2998726
28.06186;0.1784969
26.806154;30.1905493
35.841103;0.3146534
27.6429;23.2531352
24.653332;19.6191276
21.550419;25.8774134
-24.788101;24.101768
38.333023;23.6841701
35.80233;21.9450733
34.10367;21.9377347
30.745686;33.3139786
30.888615;23.4790127
1.316369;15.567914
24.777563;27.605526
36.161987;12.193348
-91.06059;16.1589831
41.014427;20.4443323
35.738647;16.6105049
42.765854;19.0562526
35.66707;18.8640566
38.189384;20.8830575
31.957472;12.8412825
41.347664;11.2985089
30.73088;18.382965
42.622932;18.38124
39.743523;19.3355468
38.775303;20.4442918
35.589893;11.3583948
35.69938;14.6950983
33.67572;21.9782167
34.117527;18.9699349
28.515759;12.6598454
30.742165;21.8401098
43.600677;27.5121973
32.983955;24.5542822
38.826874;11.8845059
49.63173;11.0235986
31.396332;21.1332992
20.879763;30.4423417
21.119259;32.0517547
41.05992;30.9736701
33.026264;13.8571284
30.217148;12.9656916
32.85735;28.7447608
27.068111;16.9206126
43.55841;18.4633128
22.960026;16.4704836
35.61322;14.3658934
40.228783;8.4823533
32.997696;23.7265656
34.704887;26.3562276
34.197487;25.8151823
46.63897;21.2267941
28.717894;14.5366298
36.050262;23.4817949
34.045525;15.2596657
29.310377;24.3649521
21.568192;24.7827037
25.52089;23.8949892
32.585217;9.8886464
26.879436;12.3328682
29.75846;19.0854809
38.201675;23.5639118
21.381542;24.7833039
12.863813;25.0134447
30.837807;20.2778424
36.30552;23.9484151
32.776764;14.7011521
31.041813;25.219413
22.61391;20.4758822
29.056334;24.2280451
32.77117;27.6979267
45.146114;24.7011503
36.8713;20.1049285
33.67839;20.8528217
25.893505;22.7597893
31.20353;24.8543198
28.712526;29.3295386
24.813187;28.3729715
39.122612;27.815069
26.78632;17.3473309
32.134007;18.6707217
34.093178;21.529338
25.848701;18.9122514
45.78408;17.4410839
27.828125;25.4731171
30.066744;17.5493482
31.506392;19.8948245
37.259865;25.3710765
34.820614;17.9132952
31.73508;25.2932327
35.583965;24.8043189
33.78701;26.0081546
35.720158;22.4791546
25.064651;16.3412595
23.84252;16.0005598
35.666496;18.5244328
30.714367;22.8467776
30.858128;22.8343214
38.782013;24.5277361
20.275394;23.5635132
21.643997;19.4144401
26.38633;20.8079332
34.690613;19.0272507
41.106968;20.9923581
34.53011;18.8024965
31.813633;21.4042736
18.492996;22.3354253
22.96185;24.0385779
21.433392;25.8363029
24.229216;23.8566796
18.73221;18.9668351
27.689089;22.3526531
13.938534;25.2125424
17.017117;21.5146049
12.137858;21.8687886
16.50444;11.6411375
16.41613;27.740063
31.681463;23.8602115
27.91517;18.6447066
12.412344;23.7801556
33.772682;15.8253574
23.485306;25.1038353
42.54759;26.4414765
41.484035;26.4625457
19.641325;16.4861796
15.862965;25.5827864
28.69384;20.9016697
20.701778;17.4946463
22.031961;26.9306654
33.432842;14.2289089
21.487032;15.9943823
27.443764;21.1433176
22.044392;16.5189008
13.629639;21.6244347
31.843983;18.7280518
23.966515;13.0566697
18.615574;13.4416949
25.873665;34.4877908
13.670519;17.1186269
16.472124;17.4790548
17.562542;18.7322678
12.408781;27.1706949
15.122003;23.7480373
13.473134;15.6418138
13.941036;19.2053792
25.045797;25.4009884
24.760708;12.0905165
32.166924;14.5405954
33.419205;17.7152963
31.027256;19.8983684
33.270317;25.7082187
55.71748;33.8704846
26.751099;23.0560059
28.064198;29.477088
30.692776;19.6422626
30.136543;27.2485094
31.599121;31.9139834
46.971676;24.237156
29.337097;25.7155669
17.285332;18.7921303
40.579727;10.002799
16.718529;26.3661717
23.781075;32.849688
28.747133;26.4104867
33.139633;24.8914973
21.497374;24.7878688
33.14413;28.3837416
35.65416;29.6271934
35.575912;20.5002862
34.193428;28.4337753
28.397299;23.5948822
32.17252;26.7378305
28.919117;31.740384
43.954044;27.0647465
32.28212;24.7105497
29.522896;28.4912797
44.4889;36.0674
46.27353;32.7696411
41.003616;30.2587179
43.852737;27.1008098
48.963203;22.9184361
30.38392;25.4753491
29.98957;25.2063093
29.931438;27.1306422
29.737549;25.1613254
29.459787;23.4211164
44.397568;24.7279221
21.129108;22.7147864
42.813103;18.3010473
27.007366;22.7749796
23.571743;15.5048455
35.837814;16.1139605
27.635654;17.8018778
38.072014;14.7296259
42.40029;10.5368678
38.584724;17.0350989
38.735596;9.2925911
46.91356;22.749655
38.208237;18.2224003
24.818233;17.2297979
40.644157;33.0668761
7.054035;36.5737353
15.420179;17.4021026
29.037916;17.2252522
27.309456;31.5601393
25.051756;27.9356043
22.725943;30.4448321
21.29461;18.6822674
32.47432;32.819832
26.608807;32.1839279
23.43003;20.9359767
27.903341;30.5849432
22.285326;25.4822964
30.320168;31.5217808
22.725943;23.1923577
24.952488;31.3122601
28.189816;23.865143
11.887295;24.8464343
25.85424;29.4123555
16.86984;30.0713357
14.700352;20.7835822
19.69828;22.6849377
22.587149;21.1824974
-31.387173;25.1081322
9.627831;33.6923403
28.421322;27.6274092
25.162937;25.5794979
33.954082;21.9177055
26.340157;22.0443508
23.922628;27.117521
27.809645;26.6517294
28.511923;14.9192596
25.276634;20.3286998
30.150043;28.4076197
35.108204;28.03085
25.891373;25.3203144
27.837679;33.5809872
24.214314;14.6955712
16.052729;29.2197383
5.1799326;28.4342529
28.800959;21.7445789
35.42945;14.3034502
6.601884;26.3723247
29.841633;22.2173235
40.346878;22.3824361
15.851801;28.2703497
18.453577;20.3167525
32.708397;25.1090274
23.268946;26.5111677
32.6092;24.7017206
36.81197;23.3946189
27.459845;19.5195251
26.731033;22.2226751
19.778019;16.0160135
30.295494;24.8486436
-109.84232;15.4432538
22.906872;27.8629911
24.753944;18.3656463
34.78777;18.8484682
21.983852;27.2630507
22.175707;15.1890275
-121.97088;26.2974583
-169.0787;30.6487033
21.372396;21.8028278
25.796242;20.6757064
26.65947;18.4058734
29.662128;26.0212295
22.865248;23.5316509
22.948463;19.9847988
29.245937;27.4625057
21.206947;28.7997783
32.19702;24.3518135
26.578768;13.6996428
16.005438;12.3695706
18.821465;24.9866824
27.944153;22.3372963
37.881134;24.1739317
22.734224;22.1376206
36.616325;27.0354829
31.702133;18.1899042
21.085876;22.8639542
29.674934;22.1540536
28.771542;19.7699049
25.466692;25.8542101
18.921318;10.2141542
20.220684;26.0485003
28.25453;15.2901871
16.828384;24.0932208
33.30336;22.5233692
28.7066;15.7773045
26.072605;17.2683218
27.62388;26.8053436
27.868622;20.6646983
28.129255;15.2405601
26.22117;25.0638747
29.642288;23.5984567
25.260597;17.0749185
22.016125;16.5891393
21.59544;14.7376116
30.006329;15.2621151
27.201447;16.1507921
32.350082;14.6235725
29.23111;24.0106037
29.632511;24.0454969
25.597479;20.3714077
23.85014;18.4066916
51.965057;28.0182775
35.665092;28.4535633
25.00437;22.4892048
26.375446;25.9947626
35.602615;24.177666
28.719215;24.5122224
35.818478;24.5034588
41.196484;17.8422291
34.643154;23.4466925
31.478054;16.7720298
23.230553;22.7050704
35.836506;20.2942254
32.90798;23.8263051
31.926277;25.7403274
27.146969;18.918016
28.978687;23.5568593
35.18667;19.8130677
27.855032;15.7037323
23.605522;22.9680733
33.70411;24.7359868
38.100304;31.479342
35.922752;21.1080541
34.838432;27.9140628
38.31052;26.7953726
37.9318;19.5730771
41.1882;26.9555598
28.534044;29.6902989
39.681652;32.2526884
38.52147;16.2875428
19.460178;27.5560675
34.548187;20.5470267
41.893353;25.3411383
30.324492;28.293755
31.026333;10.4854703
33.76232;21.5288731
30.93725;25.6044675
23.076633;23.0124221
51.57708;27.8104447
36.513206;17.7264282
16.473278;4.0405134
15.374415;20.9605233
26.145737;23.7332519
8.547972;28.9468705
14.0552635;26.9507108
13.05015;27.8759696
11.867723;22.9000732
13.998222;23.929701
11.544861;22.4972219
16.332336;25.0388908
9.812277;22.2035619
13.188434;19.7002912
7.944522;30.3048396
8.177925;26.5855006
14.733953;29.2286548
14.353101;23.6374648
11.619877;23.1714746
9.352717;20.4983992
15.6353855;14.6185935
10.4260845;23.2362908
13.393606;26.0823754
12.303837;23.5932657
15.676243;24.671864
10.119461;18.0349762
17.71194;18.8416377
23.861435;17.6188919
12.710882;21.3654071
29.041119;21.5099773
19.198296;23.8874668
27.650871;23.9641354
24.615437;28.0256964
28.994577;25.8593339
15.194715;14.8207158
25.175716;25.0435935
16.628044;18.2305843
26.144653;21.7874011
17.602772;20.9461529
16.755062;23.4122446
33.47801;17.827178
21.81343;24.6863976
24.019146;28.1087702
15.432314;15.5770872
18.917936;25.1194832
23.995928;30.2937381
26.548931;14.0799878
16.6641;32.6910057
14.678707;20.3372876
12.759747;29.8343186
31.009327;28.1115846
20.025234;21.9176711
17.479675;30.3325656
32.894455;28.7613723
18.21569;30.1866451
17.344486;23.8350406
28.742825;22.6519927
15.217687;23.5639284
25.965633;22.3476486
38.976887;16.1418311
27.603233;27.2504435
24.068542;24.5737124
30.197647;26.5354766
33.08212;13.7375801
38.367188;13.006125
32.570644;16.7999644
37.601944;28.9457752
21.79538;16.8257389
23.587025;23.247423
32.841915;22.288976
21.811375;18.2355868
25.543623;22.1931554
36.849964;18.4018078
19.772293;28.8690519
24.20588;23.177654
34.305588;30.1846022
23.480202;19.7587888
24.225122;31.7771501
33.347942;27.8528893
26.615238;33.9383602
22.613356;35.7862253
20.34779;29.1808882
22.568298;21.9967899
23.712818;26.2101834
33.950592;20.1904228
34.53219;16.075038
37.459003;23.579372
25.651134;13.1282234
27.82259;22.2307674
29.420261;26.1956704
38.945488;15.3817848
35.61539;15.4090276
37.470825;32.0667472
35.871742;27.0928657
30.273874;17.6191921
31.45037;15.4392606
35.387493;17.7634438
31.22194;26.6941807
33.58568;26.5877994
33.34976;24.8470543
32.967796;24.2479184
31.18655;15.1845147
30.385365;15.9702418
37.499348;11.4439558
33.49267;16.0124081
51.12239;12.9559773
33.878723;14.7248979
33.829163;31.8834956
33.502586;28.9161584
32.031525;15.3227085
28.73833;19.7161231
28.62101;24.1862003
35.84884;23.3040313
30.199175;33.8362279
29.902008;26.1912528
27.662945;9.9003896
50.24434;27.0762277
31.861046;4.2036738
44.467445;34.4684679
24.387016;10.4058766
48.80403;26.1532541
35.812622;17.6001717
34.34329;21.9249875
20.57453;15.5645663
26.697353;23.502834
31.95396;17.2075454
37.69483;16.4871003
35.196014;26.1236346
35.935932;27.3389724
19.581863;22.2534194
27.9566;18.7009977
37.186676;24.8974678
33.513016;23.4838589
38.75284;21.293025
38.071014;19.1345819
33.868187;24.1780491
34.818897;17.0775692
25.787247;23.3180744
33.69119;17.1924292
31.351585;14.3492281
33.590916;20.1112922
36.39765;24.8208568
31.123337;11.1488896
30.998087;28.2955158
37.014286;25.2718221
36.12345;18.6577713
23.6259;26.1427265
41.93424;21.4433524
44.08391;24.9255079
24.538324;19.5538006
40.745888;23.7801802
38.56999;20.4853205
36.49065;19.3384882
55.120247;15.0993461
64.03584;23.2628733
27.110413;17.615257
31.022144;21.7585039
50.868553;23.5232001
38.66918;7.8126526
40.178696;22.8364063
52.623795;27.6355207
37.152184;8.3469151
34.167465;24.3067843
36.586372;18.953703
41.593704;20.2369384
39.81324;23.6683847
31.328009;24.9402071
43.58;23.2023083
44.14421;27.8222269
43.99511;29.6955691
52.844307;23.6499013
30.708344;24.0982529
35.07944;23.6714745
53.05862;25.7377163
35.904472;27.6566451
31.145466;26.6767258
37.20452;18.5352254
35.066444;20.765763
38.554825;24.5745673
41.3308;22.0822842
40.39896;21.8244309
46.647003;27.8866281
46.324036;26.7540785
38.103153;12.3082358
39.91812;21.2927147
39.618233;13.1339986
41.269154;25.496181
40.10714;24.311759
42.147575;9.2475753
44.901466;19.8690287
32.50161;26.215245
36.29689;21.8527658
39.170418;23.6914001
39.661674;24.8949772
36.087566;31.0939927
41.47618;27.9287664
53.270317;16.5365629
45.519337;12.1043057
38.347687;20.9330887
39.114113;12.4184523
57.26893;15.6692346
46.517773;16.706474
43.266514;19.4241165
38.655193;12.0509997
48.100174;14.8074822
40.557034;11.6378084
27.892563;8.4062217
28.100258;10.0785046
51.541477;21.084115
47.19735;19.4939448
43.139442;17.4242569
45.687294;22.4892267
47.787773;19.4904591
43.859226;24.3546248
41.81202;10.3741997
46.57026;19.9525522
46.46479;17.5262358
44.852425;18.2560042
47.156616;21.1965243
43.272682;24.6721629
31.254578;22.2504907
39.40273;20.7897795
38.327095;17.7201642
45.86844;30.8341847
46.431152;29.6270816
46.2145;17.1053665
40.81598;25.592805
36.848854;23.6939192
36.280125;15.9291354
53.02404;15.1108667
45.42124;18.437238
50.414192;24.4554686
40.123123;27.7436684
35.496613;22.8762734
29.293728;18.7563163
44.656876;25.9310697
43.92392;25.5869201
41.802658;34.3884381
43.559772;26.0862874
40.05734;22.2433777
34.9589;24.9927696
42.678913;26.8249995
39.94156;25.4493258
14.603617;20.2254146
40.770363;21.3796353
41.91069;25.0582123
8.622185;24.6083635
42.569748;28.055596
38.272095;27.9057016
39.733875;20.2640183
42.789215;20.78384
39.08014;25.9793321
47.763153;22.2206617
51.235413;22.8870339
30.713516;25.4369428
25.473688;25.9332319
18.880617;25.1137679
45.241646;28.3204504
29.76492;20.2568024
20.18371;21.7885494
24.332329;26.2007934
27.071007;27.6385171
28.610388;12.0377814
28.131306;20.8861857
26.53077;27.4787602
30.700193;18.0589519
46.30651;8.5774432
42.483665;20.3489057
28.268974;15.567882
17.170559;21.2199847
38.91703;12.2064547
29.108948;19.7240918
29.40963;20.9358918
35.320484;21.7186752
34.60195;23.5263586
33.61968;30.1211559
28.545048;25.431462
30.348583;17.117152
28.69614;29.0485489
39.529007;11.2941042
40.772766;27.3336976
41.33616;23.5892143
41.58333;19.705222
38.750496;32.5549798
28.600922;31.5653339
47.907555;21.8491031
36.758762;28.8624667
29.427094;21.832101
33.416344;32.6985217
25.849697;28.51123
28.88232;16.7376115
27.301018;32.3657499
39.31122;24.6316391
36.15577;16.7780746
37.421585;21.511324
36.60569;21.68201
44.42048;11.1177925
45.1154;33.0754826
42.208614;38.5092639
39.644367;32.9209687
44.77778;30.8424624
45.2722;16.1887146
26.648754;24.1026291
23.731817;33.7119215
24.002842;29.986342
29.59584;26.7730552
19.006012;29.4792528
27.87957;27.2233737
28.742485;35.3692881
30.637959;41.5935764
36.954323;15.3781589
28.473404;23.2027954
19.819355;37.558846
20.956429;26.3289155
37.31473;25.5997427
33.319;17.9205301
38.02169;14.1747138
42.54841;26.7283026
26.989918;15.2462853
29.841415;24.752183
41.814842;23.7461887
28.350502;30.0230821
25.646667;28.9832564
26.657152;18.1240534
22.20319;20.873332
34.39481;27.8321637
22.759693;17.7525114
27.762516;11.5612211
25.136513;23.4441069
26.899364;16.2446366
28.527128;22.8463787
27.717522;27.1676031
36.85762;23.0661857
34.542263;22.468709
32.76661;22.1223658
20.015566;24.5237301
23.420937;28.8764604
28.984594;24.2630638
26.80468;17.1973042
24.854107;17.2243269
23.323395;25.4914645
21.707632;24.3791231
26.129734;26.6587865
33.695206;25.5919824
26.179312;28.172144
44.48447;22.4823066
42.72882;20.7955628
41.780464;18.8661964
44.217094;22.9615158
30.810532;22.6264816
38.661556;29.2089222
36.747437;21.5683246
16.693085;25.2339142
17.711067;26.2585934
17.546455;13.0744696
17.722607;15.5496556
20.099474;19.8775228
23.81923;10.0022603
18.288593;24.4525143
11.4296875;23.4592779
31.125526;10.2114941
29.01288;24.7862895
17.954676;24.6859707
14.695437;15.6426725
25.870987;20.0397746
16.405272;13.5247095
26.725718;18.292371
27.034092;12.5965732
25.54805;11.1638258
47.79396;10.2548718
39.367386;15.0201503
17.744503;18.8101063
26.107697;18.6700682
45.906227;10.6295074
26.731794;13.9037091
24.05895;16.5275559
56.745438;20.3076951
32.23888;17.9864471
21.528145;23.8139775
24.478867;25.9163635
22.746635;18.0669958
29.659801;26.2140255
27.068329;17.6020545
22.601809;21.4301154
24.142544;24.3902857
21.47562;19.8652435
25.845875;13.3731383
21.373558;21.3715575
31.525208;22.6267373
12.650036;27.7450314
20.631935;25.3481301
20.38482;21.9962322
20.783415;24.020664
23.645315;24.0995312
27.203243;24.1362261
27.091839;24.0608721
23.24631;23.9669455
34.58403;18.2962347
21.221348;22.5594184
40.516712;22.7315469
26.47216;20.7629457
31.678247;24.0437899
26.407951;23.7393552
31.069519;22.2859834
34.018654;14.3464407
27.91186;16.5850785
36.79779;12.6620112
40.5145;13.6010794
26.83392;15.6208751
36.845818;32.7273352
20.158089;23.0683023
23.098335;18.594911
44.83549;39.9034809
22.03933;25.3297027
25.968395;27.142633
26.218847;23.9292136
29.798702;24.7808074
25.671818;25.7996721
26.820105;18.3174393
24.443405;24.2840432
23.375952;27.0882545
38.59195;36.5658591
49.99411;34.9243348
34.111027;15.7992959
29.826904;20.5669435
22.992989;38.9010668
25.615303;39.2748148
39.325424;38.5719117
31.108017;41.8420727
35.095665;43.3743211
45.983192;33.6450543
31.105333;27.8807492
47.99881;29.6424696
50.76465;24.8607998
25.423443;26.5478061
21.5901;28.0023501
41.29265;29.4456169
26.78269;15.8950357
37.20021;25.1010076
23.438713;29.4739705
30.959743;22.1194234
27.566849;26.5193204
29.840918;24.7683901
22.012344;24.0495823
24.12648;17.754189
33.421883;35.9519219
30.606577;31.8519289
28.702646;15.3
12.486652;12.06666667
17.828432;10.175
10.078091;14.45833333
15.02761;17.45
14.3519;15.90833333
15.499975;19.66666667
14.755745;14.075
14.348622;15.15
15.479616;14.23333333
19.52224;23.18333333
15.905067;16.91666667
17.20737;17.54166667
20.774609;18.45
15.789383;17.45
23.3179;23.90833333
14.452188;17.375
13.477409;13.94166667
18.255756;17.625
19.076233;17.3
9.783813;9.716666667
4.903571;7.958333333
13.872714;13.725
12.716636;14.75833333
5.0929036;6.2
4.9779253;5.725
4.8183146;5.408333333
3.4779854;3.9
17.068096;8.391666667
9.971762;7.808333333
6.6619883;7.908333333
8.728357;8.916666667
19.301903;6.991666667
17.339962;9.0
7.479512;9.158333333
7.5261145;7.3
11.593859;9.116666667
12.072466;10.04166667
11.505683;8.125
6.857888;7.683333333
8.444899;8.708333333
7.2535133;5.983333333
8.056185;7.633333333
8.17947;8.166666667
7.937046;7.95
7.108791;5.891666667
7.3624372;7.691666667
8.422684;10.125
9.416211;7.083333333
8.467215;6.758333333
8.613551;5.5
6.9400263;5.225
6.343176;4.35
6.4213266;5.358333333
6.065497;4.975
6.116582;5.141666667
7.35421;3.8
8.348319;4.525
5.7727594;4.275
6.888427;4.141666667
9.120267;5.7
6.419051;5.925
9.458067;5.766666667
8.489147;5.991666667
11.514417;9.691666667
12.202286;10.16666667
12.170307;8.975
9.519604;10.875
9.646515;10.34166667
7.315588;7.5
6.9285803;7.733333333
8.987958;10.125
12.199815;12.275
10.358919;10.49166667
9.380664;11.125
8.140066;8.691666667
7.7208953;6.441666667
8.065582;6.55
9.105441;9.158333333
9.5156;9.758333333
7.547641;7.791666667
7.1211166;8.408333333
9.536535;7.875
7.5176353;8.841666667
30.540232;26.53455914
30.27145;24.61056188
31.227978;29.19256296
61.55769;69.23122536
37.11841;39.88255961
33.49082;29.81230284
29.933884;33.43353284
48.419548;44.16570623
38.634453;28.6514213
35.59783;38.71993027
46.838192;53.47092186
36.598213;29.94009341
43.373596;43.83584243
54.09584;66.61921769
23.4586;27.4779743
32.344948;37.4778883
34.478477;35.37606477
36.52195;33.31286304
48.194298;48.13514679
40.3316;41.99208337
31.617847;26.76447412
26.300587;24.74853403
27.942205;28.7475392
60.92134;68.18551947
36.3245;37.09796539
37.07328;29.29625649
38.334435;32.97792168
51.018456;42.52215804
32.923565;27.5844285
36.3445;37.67601888
45.39233;49.51951783
35.4936;29.37303977
49.546066;39.93271752
56.502167;65.58076382
26.319382;28.84675716
35.348885;36.9835463
34.09252;34.66482346
35.559593;36.83426917
50.72908;46.77649605
47.412342;40.41117533
21.868288;11.39552854
31.25555;26.9641431
25.89024;24.80128858
26.640675;28.34781914
49.15029;67.26299066
36.137745;34.53438166
28.828032;28.81359031
33.240643;32.59127447
38.35927;40.78693099
33.55867;26.6341299
36.481968;36.7674536
39.67376;46.01352367
33.328438;28.85918498
47.72165;36.40127244
59.845695;64.51499952
21.774069;26.15906687
33.303406;36.47055088
30.09692;33.92166481
37.20593;40.00152803
47.354317;45.55877197
38.274582;38.92696403
18.985847;13.93011518
26.818672;27.13356608
30.261913;24.76882552
31.775276;27.99340277
49.202713;66.46363893
34.000767;32.19180842
36.13471;28.36430429
38.66367;32.27359121
38.10263;38.96002508
38.02793;25.8005255
27.727959;35.99423441
47.43256;42.95293939
45.54865;28.39852904
56.587803;33.24150721
54.430004;63.42192478
21.41931;19.41490343
41.573647;35.93890206
29.496944;33.14658884
49.378357;42.81463964
56.9496;44.48197455
42.669434;37.53944947
37.36486;33.82634554
16.683466;16.24303472
26.798954;27.27274307
30.63226;24.65114486
33.1168;27.68429009
52.702747;65.78746429
37.584167;30.07024566
31.226116;27.94839843
40.272945;32.02487189
38.098595;37.04144032
29.731075;25.0836153
27.018517;35.35636132
38.304928;40.33776498
33.721077;27.99107194
42.950546;30.45342183
52.47226;62.3015396
18.123724;8.614266842
45.5592;35.38859982
43.431984;45.27360399
51.67043;43.54610378
46.545403;36.24863164
39.209625;32.27034476
23.241808;27.38167406
30.23993;24.44824659
27.652664;27.42048111
67.675674;65.23446673
34.251305;28.16969338
28.309618;27.56587274
30.817438;31.84511651
37.7238;35.03117669
30.407362;24.48339931
28.338097;34.85383433
40.331657;38.16800044
34.61588;27.6368137
29.641436;28.03701629
51.35083;61.15384399
36.985176;34.81964417
44.315662;47.37842108
29.449408;42.75115967
47.65425;35.05451056
32.55607;30.8837053
22.499273;27.46035905
30.255976;24.16013071
35.25881;27.20197583
68.60508;64.80464625
37.1094;26.49015158
30.819109;27.2167272
31.493013;31.73432508
35.319595;32.92923421
34.228218;23.99987752
26.402885;34.48665345
35.07032;36.44364578
35.26525;27.3357543
32.132713;25.99229059
51.763832;59.97883795
40.167282;34.23203511
30.970196;42.09714222
44.552704;33.95708621
30.349117;29.66642715
39.1399;44.015923
22.975677;27.50879805
27.692106;23.78679723
21.175364;27.02877423
61.959866;64.49800286
39.587555;25.03162027
26.84611;26.90096182
38.36438;31.69249759
30.753922;30.73561287
25.581669;23.63304993
28.589714;34.25481866
34.217274;35.16470099
33.93554;27.08789375
27.744032;24.31924474
49.290466;58.77652148
37.92166;33.62577264
27.160069;28.61851032
35.411823;40.73031583
28.40356;31.18019107
40.144627;27.52699105
24.187431;23.32824614
31.199066;26.90087633
43.039764;64.31453655
28.18204;23.79409944
25.294735;26.61857661
34.93859;31.71963405
34.091335;28.45031267
28.503471;23.38291654
28.094994;34.15832998
20.859009;34.33116607
34.29213;26.89323205
29.438763;23.01787873
53.745636;57.54689456
37.283222;33.00085676
32.001152;27.73995481
38.866547;38.02345736
26.05905;24.48262588
37.18844;30.6734715
29.676651;41.41673432
27.23217;27.51493805
23.922981;22.78447745
31.245052;26.81828212
45.312965;64.25424732
24.075405;22.77758909
28.001934;26.36957155
35.121002;31.81573445
12.453877;26.07333361
32.458073;23.24947736
27.118946;34.1971874
37.262672;33.94304103
32.032734;26.7517692
31.832546;22.08819256
56.64862;56.28995722
38.832546;32.35728747
28.98203;27.82586906
26.682228;27.03076062
35.916073;35.89534758
30.627686;25.46554281
37.782265;30.23691626
28.55597;38.39620628
26.563423;27.47263906
25.533352;22.15549115
31.497215;26.78099161
57.87639;64.31713517
25.801336;21.98208923
35.495018;26.15394666
28.80228;31.9807988
20.138838;23.60467569
32.647873;23.23273238
28.884571;34.37139092
33.87858;34.00032586
36.61722;26.6635052
34.35769;21.53018624
62.05519;55.00570944
35.47596;31.69506476
29.946638;26.82737177
30.542059;26.49092775
31.60529;34.34598648
28.249409;26.22679263
36.478073;29.87052536
26.38797;35.5465995
31.200468;27.40009407
23.385088;21.44128725
24.667892;26.78900479
69.46449;64.50320011
21.44973;21.40759985
29.474342;25.97170193
31.26389;32.2148271
18.088383;21.04433891
30.326342;23.3326816
31.035583;34.68094053
29.914627;34.50302056
33.014587;26.62844005
34.719627;21.34385976
46.75213;53.69415123
35.925423;31.01418865
19.461197;25.79695715
22.964838;26.12045619
30.75205;33.37537407
31.11074;26.76637536
31.82269;29.5742988
22.303032;32.86791398
29.32798;27.29730308
24.095562;20.64186574
25.79222;26.84232167
61.13036;64.81244213
21.23707;21.05412095
35.602943;25.82283736
40.045513;32.51781933
25.06744;23.54932502
30.744865;35.12583625
33.711693;35.45112513
31.236631;26.64657375
53.463818;52.35528258
37.78629;30.31465912
26.835571;25.91934595
38.740616;29.34823657
27.145329;30.36014974
33.80922;27.16426609
18.874308;19.75722662
30.651087;26.94094223
63.435448;65.24486124
27.358698;20.92165253
38.48472;25.70735295
31.627705;32.88977552
33.646893;23.88266265
28.796402;35.70607807
37.607937;36.84463958
36.783604;26.71790629
49.505577;50.9891035
30.108604;29.59647618
54.973694;41.46496643
31.274588;25.88759703
38.3237;29.19233868
23.360727;28.02330676
22.989098;27.00098311
11.49789;18.7873699
37.635384;27.0848665
67.6859;65.80045743
23.654512;21.0101946
30.645657;25.6252487
33.100277;33.33069564
32.04223;24.33269448
31.117142;36.421666
37.25376;38.6835639
41.649384;26.84243769
31.111126;23.01495938
50.330475;49.59561398
29.673298;28.85963984
54.412674;41.93836223
30.813145;26.02520942
38.216125;29.10660513
21.402578;25.85738505
34.58982;26.80745413
17.752985;17.73229557
31.777132;27.27409445
64.065216;66.4792307
22.148525;21.31974715
35.82832;25.57652461
32.914112;33.84057971
33.098717;24.89942051
27.8707;37.27260002
41.39157;40.96789809
39.095512;27.02016793
34.50141;24.31535228
29.754507;48.17481403
45.970318;42.55268469
29.774418;26.33218313
38.538902;29.09103591
22.152214;26.58367916
17.550339;16.59200364
23.316574;27.5086261
63.181515;67.28118105
24.337189;21.85031019
26.700977;25.56118068
32.5911;34.41942773
32.932396;25.58284074
37.0609;38.25888014
28.586079;27.25109702
37.440582;25.98742501
51.094963;46.72670365
54.68171;43.3079338
26.808514;26.80851816
36.54844;29.14563102
32.97527;26.32965819
15.798702;15.36649409
26.713223;27.78846144
62.77214;68.20630849
28.108208;25.57921691
27.509262;26.38295517
36.120914;39.38050637
32.667038;27.53522497
28.951572;28.0311776
35.121162;45.25128283
39.879112;44.20410957
20.649984;26.04539122
16.49546;14.05576695
24.072945;28.11360048
67.73128;69.25461301
26.412262;25.63063331
33.94793;27.29976381
37.613537;40.63747869
28.552595;27.87255176
44.122116;43.74855157
39.202698;45.241212
20.622631;25.73087825
17.463984;12.6598222
26.565254;28.48404321
60.451252;70.42609461
30.826483;25.71542986
34.66874;28.33326665
37.757603;42.02979712
41.137985;28.2630774
44.06625;42.21850989
38.58591;39.66039807
22.921535;46.41924108
37.829033;31.37166862
30.119616;34.39691851
25.199879;20.22120276
32.310715;30.53977646
39.917534;36.98169092
29.397133;34.37358761
32.55281;33.90678721
26.94211;29.98267299
45.974045;39.29249717
38.582375;41.27839136
31.481762;29.7003582
43.421535;41.32933726
43.736954;45.9355347
36.965538;40.935614
18.063377;21.58232056
43.618645;40.44971749
23.877037;25.01110271
41.076363;43.24311707
37.279236;38.29471656
32.626656;29.6928321
43.318268;43.09221119
47.81852;47.54571835
39.61455;33.34525555
31.561272;35.44542412
17.655294;21.4632399
40.31222;40.20927124
21.979633;22.07435212
42.284485;44.56177934
42.44898;46.60646101
34.832027;39.423016
24.51618;36.13859682
32.28573;29.96009469
41.912216;44.58111895
40.251698;49.01320784
17.288351;18.50731598
34.00749;35.75335923
20.860899;21.35634197
37.02665;39.34617645
20.498117;20.14499596
37.287746;44.35625155
33.80533;38.02995618
37.67104;39.81930418
36.64074;35.93798772
47.4917;41.33504252
33.647533;30.50214597
42.394474;45.79606055
44.224117;50.33800315
42.391647;35.73150427
31.542728;36.45680908
28.6494;21.26162676
20.78172;22.77155578
41.26855;33.02274426
41.54029;37.86043312
23.001917;19.22303423
36.457703;53.91841801
42.507607;42.62653371
39.378475;43.29271572
35.652172;35.93888751
38.38775;39.48358112
41.002907;46.13499888
36.6475;35.64252055
59.96511;62.25546617
42.722435;39.31198885
45.22095;45.45210168
47.180267;42.40988404
41.21971;50.73963187
39.223583;31.31898593
41.684692;46.73703599
50.912907;51.52010429
36.159477;35.37985923
27.08162;29.72032079
23.501013;21.17909429
22.333755;23.88693845
39.462536;32.37954938
38.84492;35.75204126
23.102842;19.30846694
32.52422;52.86248554
37.841297;39.3726258
41.710686;40.32346686
32.57653;40.33325502
38.861874;38.41584681
44.5149;45.57775171
36.34089;35.2521953
51.698174;54.61305894
44.34017;37.28466876
44.601547;42.505883
36.4182;40.15449494
39.312717;46.62660573
47.01322;32.41061458
42.036537;47.40404526
20.535173;22.33975155
55.94894;52.55951126
37.052856;34.69842413
19.72723;23.20656062
22.13515;21.10874454
24.370544;24.8364202
41.51761;31.75744754
48.10823;33.02100086
20.031118;20.40129409
39.486008;51.83674184
34.483948;34.59452784
33.40059;37.5456738
39.104797;36.61610125
45.174118;44.83679728
40.72204;34.76701196
44.076653;48.04858477
36.730457;35.25308225
40.249435;39.6891245
42.686028;37.94932422
33.580948;43.15285615
41.42836;40.50121393
40.76496;33.77703192
43.756165;47.79708837
23.27585;21.76737659
51.274837;53.45622406
28.846544;33.68719895
17.996027;16.91552858
19.649323;21.05057753
23.3693;25.62000102
40.207306;31.15643876
45.199013;29.66731192
38.34413;50.84118691
40.812218;34.95933654
40.923424;34.08434445
40.59414;43.9121356
34.777817;34.18697055
48.672333;42.56204365
34.158237;33.21722931
35.619133;37.00182618
37.70063;35.7943719
36.623993;40.31838314
45.64787;39.17155396
39.85827;35.41823794
47.206;47.91616532
20.18422;21.23184947
52.78888;54.21024269
28.012913;32.3461837
9.1187725;10.84722467
16.158314;21.00459324
25.594994;26.23768093
34.283566;30.57652304
35.41646;25.69097445
40.791004;49.87582076
43.757828;32.56445507
38.24479;37.33423266
44.27076;47.7612761
19.146093;20.7331702
44.819504;54.82156714
23.246532;30.67537837
19.246784;20.97079168
28.87429;26.68945991
33.159393;30.01770036
28.031479;21.09198844
39.78463;48.94064337
39.98958;30.36102941
16.014305;26.8247971
43.493336;41.51169047
35.299595;32.74231349
35.109623;34.82276059
28.669918;29.13272417
31.525522;32.01561005
30.434944;31.63512242
33.3023;36.56726681
38.548264;36.701917
49.04911;47.33242072
17.423374;20.27133877
48.536877;55.29019743
25.462658;28.67478297
15.941557;20.94917286
28.871326;26.97533797
32.65275;29.47997074
16.030548;15.87035389
32.771355;48.03565476
38.713634;28.34905954
21.736725;22.09700655
45.103184;40.03590703
37.029873;31.87769784
40.33303;32.57001864
31.25222;27.08407197
30.238522;29.71669225
39.704113;29.63082527
27.991714;35.6506235
39.289803;35.56194
46.313377;46.62959918
16.815075;19.84635519
44.5612;55.61613354
27.890831;26.3443975
18.646833;20.93973676
25.185255;27.09531511
34.163143;28.96333417
17.967144;10.0260708
31.521584;47.16085491
27.451963;26.52854547
28.369379;16.63720475
35.76451;38.37641633
29.892889;30.91822411
40.241196;31.39520974
31.205748;25.03115334
29.83566;27.54723463
36.673737;27.6767465
30.833895;35.37325675
40.68458;34.48519067
43.456833;45.65281147
15.68462;19.45821945
45.81023;55.79937548
31.886257;23.68422196
22.18172;20.94248339
29.02509;27.04939133
33.27052;28.46779065
36.13697;46.31624384
23.36399;24.8994872
33.277847;36.53321838
34.740562;29.8638923
42.8075;31.2983339
25.697472;22.97396829
26.160633;25.50723718
31.470016;25.77288613
27.954327;35.73516656
34.02896;33.47166898
32.81668;36.66174821
40.34427;44.4020576
14.073456;19.10693156
44.30065;55.83992325
25.407627;20.69425635
19.336401;20.95741275
27.074417;26.83756662
31.06213;27.99334019
34.775097;45.50182154
28.680828;23.46188473
31.514687;34.50631318
33.246857;28.71470241
36.256813;32.27939112
27.570217;20.91251682
23.605602;23.59669991
31.320076;23.91924414
25.563421;36.73635294
35.252777;32.52137496
30.457954;35.59850433
43.715816;42.87733757
16.777168;18.79249151
54.871735;55.73777684
21.3212;20.98452483
25.161594;26.45984099
36.65986;27.53998278
33.457283;44.71758801
27.394653;22.21573805
30.284449;32.29570072
32.297096;27.47065444
40.12188;34.33838139
22.812416;18.84679892
25.020088;21.81562281
30.454018;22.11582055
28.491423;38.37681589
34.867226;31.63430859
33.883827;34.30034869
39.5394;41.07865137
24.74976;18.51489931
55.490536;55.49293627
23.604763;21.02381965
38.24021;27.10771842
37.66527;43.96354324
26.390175;21.16104718
25.896599;29.90138101
29.09024;26.13174839
30.72667;16.77681461
22.23027;20.16400589
27.769604;20.36261534
29.364101;40.6565554
37.973946;30.81046988
27.186026;25.47170231
31.629017;32.76728129
39.341633;39.00599901
23.747412;18.27415496
54.883095;55.10540152
23.20142;21.0752972
32.62354;25.20668698
39.145134;26.69654711
36.548046;43.23968725
23.206638;20.2978121
26.835968;27.32335404
21.910223;24.69798426
23.554401;14.70256386
17.906414;18.64184914
25.19685;18.65962852
31.165836;43.57557148
27.593746;27.25364535
27.189106;30.99930214
36.06486;36.65938049
19.518879;18.07025845
56.027695;54.5751726
21.826794;21.13895747
33.534374;24.33125859
41.674637;26.30646886
32.299973;42.54602003
23.862488;19.62603282
25.192772;23.16936205
21.059616;17.24915257
20.335243;17.0068601
31.918222;28.55001205
29.841743;28.99641123
23.546896;17.90320978
58.16947;53.90224951
19.54852;21.21480048
24.980385;23.28992927
36.314896;25.93748366
30.986;41.88254158
23.849064;19.14570934
22.061293;21.54588176
19.745422;15.98591618
24.070408;15.40431006
30.47054;29.36080242
33.27935;26.75860857
19.886192;17.77300896
49.90596;53.08663225
19.478935;21.30282621
29.29084;22.08269904
27.907166;25.58959151
33.720154;41.2492519
19.863567;18.85684166
21.668606;19.8275434
15.094199;14.85213996
23.876076;13.85197841
24.974625;29.68601646
29.63392;24.28589415
21.831005;17.67965599
49.921043;52.12832082
18.055235;21.40303467
37.011387;20.70956788
30.523003;25.26279242
31.82582;40.646151
29.458015;18.75942978
16.971943;18.01434695
12.90122;13.84782392
24.138489;12.34986515
33.209423;29.52565418
28.084293;21.57826797
21.356377;17.62315086
58.633804;51.02731521
24.51437;21.51542587
23.297203;19.1705358
29.424164;24.95708637
34.692017;40.07323886
24.213764;18.85347369
22.252851;16.10629242
20.172073;12.97296805
19.602947;10.89797029
35.7061;28.87971556
21.544254;18.63573003
21.265247;17.60349357
45.248272;49.78361543
19.819815;21.63999979
26.260174;17.4656028
28.744171;24.67247338
31.802036;39.53051549
26.636513;19.13897341
21.08913;14.10337981
22.047863;12.22757236
25.778572;9.496293808
34.45948;27.74820061
17.160694;15.45828034
48.490376;48.39722149
24.201965;21.77675644
21.960241;15.59476888
30.619186;24.40895345
36.005516;39.0179809
29.034885;19.61592892
22.30602;12.00560913
19.827053;11.61163684
23.640026;8.14483572
18.324224;26.13110933
16.226162;12.0459189
38.163773;46.86813336
20.93023;21.92569582
34.49885;38.53563507
13.917406;9.812980362
-6.575755;11.1251615
12.905139;8.398645694
